Product_Code,WH_Qty,Date,WH
19FEW11064-110211-10,15,11/02/19,WD1
19FEW11064-110211-12,28,11/02/19,WD1
19FEW11064-110211-14,24,11/02/19,WD1
19FEW11064-110211-16,9,11/02/19,WD1
19FEW11064-110211-18,12,11/02/19,WD1
19FEW11064-110211-6,24,11/02/19,WD1
19FEW11064-110211-8,26,11/02/19,WD1
19FEW11066-110212-10,9,11/02/19,WD1
19FEW11066-110212-12,16,11/02/19,WD1
19FEW11066-110212-14,12,11/02/19,WD1
19FEW11066-110212-16,14,11/02/19,WD1
19FEW11066-110212-18,12,11/02/19,WD1
19FEW11066-110212-6,12,11/02/19,WD1
19FEW11066-110212-8,10,11/02/19,WD1
19FEW11070-110237-10,26,11/02/19,WD1
19FEW11070-110237-12,21,11/02/19,WD1
19FEW11070-110237-14,15,11/02/19,WD1
19FEW11070-110237-16,14,11/02/19,WD1
19FEW11070-110237-18,10,11/02/19,WD1
19FEW11070-110237-6,12,11/02/19,WD1
19FEW11070-110237-8,22,11/02/19,WD1
19FEW11075-110228-10,15,11/02/19,WD1
19FEW11075-110228-12,22,11/02/19,WD1
19FEW11075-110228-14,32,11/02/19,WD1
19FEW11075-110228-16,30,11/02/19,WD1
19FEW11075-110228-18,21,11/02/19,WD1
19FEW11075-110228-6,21,11/02/19,WD1
19FEW11075-110228-8,13,11/02/19,WD1
19FEW11077-110234-10,13,11/02/19,WD1
19FEW11077-110234-12,5,11/02/19,WD1
19FEW11077-110234-14,17,11/02/19,WD1
19FEW11077-110234-16,4,11/02/19,WD1
19FEW11077-110234-18,2,11/02/19,WD1
19FEW11077-110234-6,15,11/02/19,WD1
19FEW11077-110234-8,13,11/02/19,WD1
19FEW11078-110201-10,55,11/02/19,WD1
19FEW11078-110201-12,56,11/02/19,WD1
19FEW11078-110201-14,39,11/02/19,WD1
19FEW11078-110201-16,5,11/02/19,WD1
19FEW11078-110201-18,27,11/02/19,WD1
19FEW11078-110201-6,28,11/02/19,WD1
19FEW11078-110201-8,49,11/02/19,WD1
19FEW11083-110187-10,45,11/02/19,WD1
19FEW11083-110187-12,5,11/02/19,WD1
19FEW11083-110187-14,44,11/02/19,WD1
19FEW11083-110187-16,43,11/02/19,WD1
19FEW11083-110187-18,27,11/02/19,WD1
19FEW11083-110187-6,27,11/02/19,WD1
19FEW11083-110187-8,28,11/02/19,WD1
19FEW11087-110221-10,23,11/02/19,WD1
19FEW11087-110221-12,1,11/02/19,WD1
19FEW11087-110221-14,8,11/02/19,WD1
19FEW11087-110221-16,32,11/02/19,WD1
19FEW11087-110221-18,1,11/02/19,WD1
19FEW11087-110221-6,11,11/02/19,WD1
19FEW11087-110221-8,56,11/02/19,WD1
19FEW11493-110236-10,10,11/02/19,WD1
19FEW11493-110236-12,21,11/02/19,WD1
19FEW11493-110236-14,10,11/02/19,WD1
19FEW11493-110236-16,14,11/02/19,WD1
19FEW11493-110236-18,11,11/02/19,WD1
19FEW11493-110236-6,12,11/02/19,WD1
19FEW11493-110236-8,22,11/02/19,WD1
19FEW11499-110200-10,30,11/02/19,WD1
19FEW11499-110200-12,24,11/02/19,WD1
19FEW11499-110200-14,17,11/02/19,WD1
19FEW11499-110200-16,12,11/02/19,WD1
19FEW11499-110200-18,12,11/02/19,WD1
19FEW11499-110200-6,15,11/02/19,WD1
19FEW11499-110200-8,4,11/02/19,WD1
19FEW11542-211235-10,32,11/02/19,WD1
19FEW11542-211235-12,26,11/02/19,WD1
19FEW11542-211235-14,6,11/02/19,WD1
19FEW11542-211235-16,19,11/02/19,WD1
19FEW11542-211235-18,17,11/02/19,WD1
19FEW11542-211235-6,12,11/02/19,WD1
19FEW11542-211235-8,12,11/02/19,WD1
19FEW11542-211275-10,58,11/02/19,WD1
19FEW11542-211275-12,12,11/02/19,WD1
19FEW11542-211275-14,33,11/02/19,WD1
19FEW11542-211275-16,29,11/02/19,WD1
19FEW11542-211275-18,31,11/02/19,WD1
19FEW11542-211275-6,25,11/02/19,WD1
19FEW11542-211275-8,11,11/02/19,WD1
19FEW11542-211276-10,56,11/02/19,WD1
19FEW11542-211276-12,3,11/02/19,WD1
19FEW11542-211276-14,11,11/02/19,WD1
19FEW11542-211276-16,15,11/02/19,WD1
19FEW11542-211276-18,30,11/02/19,WD1
19FEW11542-211276-6,3,11/02/19,WD1
19FEW11542-211276-8,18,11/02/19,WD1
19FEW11542-211277-10,9,11/02/19,WD1
19FEW11542-211277-12,42,11/02/19,WD1
19FEW11542-211277-14,29,11/02/19,WD1
19FEW11542-211277-16,26,11/02/19,WD1
19FEW11542-211277-18,17,11/02/19,WD1
19FEW11542-211277-6,2,11/02/19,WD1
19FEW11542-211277-8,53,11/02/19,WD1
19FEW11542-211278-10,48,11/02/19,WD1
19FEW11542-211278-12,57,11/02/19,WD1
19FEW11542-211278-14,49,11/02/19,WD1
19FEW11542-211278-16,7,11/02/19,WD1
19FEW11542-211278-18,4,11/02/19,WD1
19FEW11542-211278-6,18,11/02/19,WD1
19FEW11542-211278-8,41,11/02/19,WD1
19FEW11542-211279-10,31,11/02/19,WD1
19FEW11542-211279-12,59,11/02/19,WD1
19FEW11542-211279-14,51,11/02/19,WD1
19FEW11542-211279-16,32,11/02/19,WD1
19FEW11542-211279-18,18,11/02/19,WD1
19FEW11542-211279-6,21,11/02/19,WD1
19FEW11542-211279-8,36,11/02/19,WD1
19FEW11542-211282-10,45,11/02/19,WD1
19FEW11542-211282-12,43,11/02/19,WD1
19FEW11542-211282-14,31,11/02/19,WD1
19FEW11542-211282-16,22,11/02/19,WD1
19FEW11542-211282-18,2,11/02/19,WD1
19FEW11542-211282-6,27,11/02/19,WD1
19FEW11542-211282-8,50,11/02/19,WD1
19FEW11542-211283-10,56,11/02/19,WD1
19FEW11542-211283-12,14,11/02/19,WD1
19FEW11542-211283-14,53,11/02/19,WD1
19FEW11542-211283-16,43,11/02/19,WD1
19FEW11542-211283-18,30,11/02/19,WD1
19FEW11542-211283-6,12,11/02/19,WD1
19FEW11542-211283-8,33,11/02/19,WD1
19FEW11542-211284-10,33,11/02/19,WD1
19FEW11542-211284-12,57,11/02/19,WD1
19FEW11542-211284-14,51,11/02/19,WD1
19FEW11542-211284-16,43,11/02/19,WD1
19FEW11542-211284-18,26,11/02/19,WD1
19FEW11542-211284-6,27,11/02/19,WD1
19FEW11542-211284-8,24,11/02/19,WD1
19FEW11542-211520-10,24,11/02/19,WD1
19FEW11542-211520-12,27,11/02/19,WD1
19FEW11542-211520-14,23,11/02/19,WD1
19FEW11542-211520-16,20,11/02/19,WD1
19FEW11542-211520-18,12,11/02/19,WD1
19FEW11542-211520-6,9,11/02/19,WD1
19FEW11542-211520-8,19,11/02/19,WD1
19FEW11542-211521-10,52,11/02/19,WD1
19FEW11542-211521-12,45,11/02/19,WD1
19FEW11542-211521-14,38,11/02/19,WD1
19FEW11542-211521-16,34,11/02/19,WD1
19FEW11542-211521-18,23,11/02/19,WD1
19FEW11542-211521-6,23,11/02/19,WD1
19FEW11542-211521-8,42,11/02/19,WD1
19FEW11542-211525-10,6,11/02/19,WD1
19FEW11542-211525-12,10,11/02/19,WD1
19FEW11542-211525-14,1,11/02/19,WD1
19FEW11542-211525-16,16,11/02/19,WD1
19FEW11542-211525-18,14,11/02/19,WD1
19FEW11542-211525-6,12,11/02/19,WD1
19FEW11542-211525-8,25,11/02/19,WD1
19FEW11542-211527-10,32,11/02/19,WD1
19FEW11542-211527-12,7,11/02/19,WD1
19FEW11542-211527-14,26,11/02/19,WD1
19FEW11542-211527-16,4,11/02/19,WD1
19FEW11542-211527-18,14,11/02/19,WD1
19FEW11542-211527-6,12,11/02/19,WD1
19FEW11542-211527-8,29,11/02/19,WD1
19FEW11542-211531-10,26,11/02/19,WD1
19FEW11542-211531-12,21,11/02/19,WD1
19FEW11542-211531-14,17,11/02/19,WD1
19FEW11542-211531-16,16,11/02/19,WD1
19FEW11542-211531-18,14,11/02/19,WD1
19FEW11542-211531-6,12,11/02/19,WD1
19FEW11542-211531-8,27,11/02/19,WD1
19FEW11542-211536-10,52,11/02/19,WD1
19FEW11542-211536-12,38,11/02/19,WD1
19FEW11542-211536-14,49,11/02/19,WD1
19FEW11542-211536-16,16,11/02/19,WD1
19FEW11542-211536-18,29,11/02/19,WD1
19FEW11542-211536-6,23,11/02/19,WD1
19FEW11542-211536-8,56,11/02/19,WD1
19FEW11542-211538-10,15,11/02/19,WD1
19FEW11542-211538-12,56,11/02/19,WD1
19FEW11542-211538-14,42,11/02/19,WD1
19FEW11542-211538-16,35,11/02/19,WD1
19FEW11542-211538-18,29,11/02/19,WD1
19FEW11542-211538-6,21,11/02/19,WD1
19FEW11542-211538-8,16,11/02/19,WD1
19FEW11542-211539-10,14,11/02/19,WD1
19FEW11542-211539-12,24,11/02/19,WD1
19FEW11542-211539-14,20,11/02/19,WD1
19FEW11542-211539-16,20,11/02/19,WD1
19FEW11542-211539-18,13,11/02/19,WD1
19FEW11542-211539-6,12,11/02/19,WD1
19FEW11542-211539-8,3,11/02/19,WD1
19FEW11542-211540-10,35,11/02/19,WD1
19FEW11542-211540-12,3,11/02/19,WD1
19FEW11542-211540-14,29,11/02/19,WD1
19FEW11542-211540-16,32,11/02/19,WD1
19FEW11542-211540-18,28,11/02/19,WD1
19FEW11542-211540-6,20,11/02/19,WD1
19FEW11542-211540-8,15,11/02/19,WD1
19FEW11542-211543-10,26,11/02/19,WD1
19FEW11542-211543-12,21,11/02/19,WD1
19FEW11542-211543-14,16,11/02/19,WD1
19FEW11542-211543-16,14,11/02/19,WD1
19FEW11542-211543-18,12,11/02/19,WD1
19FEW11542-211543-6,12,11/02/19,WD1
19FEW11542-211543-8,22,11/02/19,WD1
19FEW11542-211547-10,29,11/02/19,WD1
19FEW11542-211547-12,8,11/02/19,WD1
19FEW11542-211547-14,16,11/02/19,WD1
19FEW11542-211547-16,9,11/02/19,WD1
19FEW11542-211547-18,12,11/02/19,WD1
19FEW11542-211547-6,12,11/02/19,WD1
19FEW11542-211547-8,7,11/02/19,WD1
19FEW11542-211549-10,28,11/02/19,WD1
19FEW11542-211549-12,45,11/02/19,WD1
19FEW11542-211549-14,5,11/02/19,WD1
19FEW11542-211549-16,33,11/02/19,WD1
19FEW11542-211549-18,29,11/02/19,WD1
19FEW11542-211549-6,6,11/02/19,WD1
19FEW11542-211549-8,21,11/02/19,WD1
19FEW11542-211552-10,16,11/02/19,WD1
19FEW11542-211552-12,23,11/02/19,WD1
19FEW11542-211552-14,16,11/02/19,WD1
19FEW11542-211552-16,14,11/02/19,WD1
19FEW11542-211552-18,13,11/02/19,WD1
19FEW11542-211552-6,12,11/02/19,WD1
19FEW11542-211552-8,24,11/02/19,WD1
19FEW11542-211554-10,24,11/02/19,WD1
19FEW11542-211554-12,37,11/02/19,WD1
19FEW11542-211554-14,30,11/02/19,WD1
19FEW11542-211554-16,18,11/02/19,WD1
19FEW11542-211554-18,20,11/02/19,WD1
19FEW11542-211554-6,12,11/02/19,WD1
19FEW11542-211554-8,2,11/02/19,WD1
19FEW11542-211555-10,28,11/02/19,WD1
19FEW11542-211555-12,2,11/02/19,WD1
19FEW11542-211555-14,40,11/02/19,WD1
19FEW11542-211555-16,30,11/02/19,WD1
19FEW11542-211555-18,14,11/02/19,WD1
19FEW11542-211555-6,19,11/02/19,WD1
19FEW11542-211555-8,47,11/02/19,WD1
19FEW11542-211556-10,34,11/02/19,WD1
19FEW11542-211556-12,8,11/02/19,WD1
19FEW11542-211556-14,46,11/02/19,WD1
19FEW11542-211556-16,21,11/02/19,WD1
19FEW11542-211556-18,28,11/02/19,WD1
19FEW11542-211556-6,21,11/02/19,WD1
19FEW11542-211556-8,58,11/02/19,WD1
19FEW11542-211559-10,33,11/02/19,WD1
19FEW11542-211559-12,8,11/02/19,WD1
19FEW11542-211559-14,21,11/02/19,WD1
19FEW11542-211559-16,18,11/02/19,WD1
19FEW11542-211559-18,16,11/02/19,WD1
19FEW11542-211559-6,8,11/02/19,WD1
19FEW11542-211559-8,27,11/02/19,WD1
19FEW11542-211560-10,21,11/02/19,WD1
19FEW11542-211560-12,35,11/02/19,WD1
19FEW11542-211560-14,37,11/02/19,WD1
19FEW11542-211560-16,8,11/02/19,WD1
19FEW11542-211560-18,21,11/02/19,WD1
19FEW11542-211560-6,19,11/02/19,WD1
19FEW11542-211560-8,6,11/02/19,WD1
19FEW11542-211561-10,32,11/02/19,WD1
19FEW11542-211561-12,16,11/02/19,WD1
19FEW11542-211561-14,22,11/02/19,WD1
19FEW11542-211561-16,18,11/02/19,WD1
19FEW11542-211561-18,15,11/02/19,WD1
19FEW11542-211561-6,14,11/02/19,WD1
19FEW11542-211561-8,25,11/02/19,WD1
19FEW11542-211563-10,30,11/02/19,WD1
19FEW11542-211563-12,25,11/02/19,WD1
19FEW11542-211563-14,20,11/02/19,WD1
19FEW11542-211563-16,19,11/02/19,WD1
19FEW11542-211563-18,14,11/02/19,WD1
19FEW11542-211563-6,11,11/02/19,WD1
19FEW11542-211563-8,25,11/02/19,WD1
19FEW11542-211564-10,14,11/02/19,WD1
19FEW11542-211564-12,31,11/02/19,WD1
19FEW11542-211564-14,18,11/02/19,WD1
19FEW11542-211564-16,22,11/02/19,WD1
19FEW11542-211564-18,23,11/02/19,WD1
19FEW11542-211564-6,8,11/02/19,WD1
19FEW11542-211564-8,46,11/02/19,WD1
19FEW11630-110802-10,25,11/02/19,WD1
19FEW11630-110802-12,27,11/02/19,WD1
19FEW11630-110802-14,25,11/02/19,WD1
19FEW11630-110802-16,21,11/02/19,WD1
19FEW11630-110802-18,15,11/02/19,WD1
19FEW11630-110802-6,12,11/02/19,WD1
19FEW11630-110802-8,8,11/02/19,WD1
19FEW11631-310421-10,12,11/02/19,WD1
19FEW11631-310421-12,49,11/02/19,WD1
19FEW11631-310421-14,34,11/02/19,WD1
19FEW11631-310421-16,43,11/02/19,WD1
19FEW11631-310421-18,14,11/02/19,WD1
19FEW11631-310421-6,10,11/02/19,WD1
19FEW11631-310421-8,22,11/02/19,WD1
19FEW11632-111450-10,31,11/02/19,WD1
19FEW11632-111450-12,31,11/02/19,WD1
19FEW11632-111450-14,25,11/02/19,WD1
19FEW11632-111450-16,19,11/02/19,WD1
19FEW11632-111450-18,12,11/02/19,WD1
19FEW11632-111450-6,13,11/02/19,WD1
19FEW11632-111450-8,21,11/02/19,WD1
19FEW11633-210716-10,26,11/02/19,WD1
19FEW11633-210716-12,21,11/02/19,WD1
19FEW11633-210716-14,6,11/02/19,WD1
19FEW11633-210716-16,14,11/02/19,WD1
19FEW11633-210716-18,12,11/02/19,WD1
19FEW11633-210716-6,12,11/02/19,WD1
19FEW11633-210716-8,11,11/02/19,WD1
19FEW11634-110810-10,11,11/02/19,WD1
19FEW11634-110810-12,21,11/02/19,WD1
19FEW11634-110810-14,15,11/02/19,WD1
19FEW11634-110810-16,14,11/02/19,WD1
19FEW11634-110810-18,4,11/02/19,WD1
19FEW11634-110810-6,12,11/02/19,WD1
19FEW11634-110810-8,22,11/02/19,WD1
19FEW11635-110811-10,59,11/02/19,WD1
19FEW11635-110811-12,49,11/02/19,WD1
19FEW11635-110811-14,16,11/02/19,WD1
19FEW11635-110811-16,30,11/02/19,WD1
19FEW11635-110811-18,25,11/02/19,WD1
19FEW11635-110811-6,7,11/02/19,WD1
19FEW11635-110811-8,34,11/02/19,WD1
19FEW11636-110816-10,4,11/02/19,WD1
19FEW11636-110816-12,8,11/02/19,WD1
19FEW11636-110816-14,36,11/02/19,WD1
19FEW11636-110816-16,30,11/02/19,WD1
19FEW11636-110816-18,19,11/02/19,WD1
19FEW11636-110816-6,19,11/02/19,WD1
19FEW11636-110816-8,31,11/02/19,WD1
19FEW11638-110805-10,26,11/02/19,WD1
19FEW11638-110805-12,21,11/02/19,WD1
19FEW11638-110805-14,15,11/02/19,WD1
19FEW11638-110805-16,14,11/02/19,WD1
19FEW11638-110805-18,12,11/02/19,WD1
19FEW11638-110805-6,12,11/02/19,WD1
19FEW11638-110805-8,6,11/02/19,WD1
19FEW11639-310427-10,43,11/02/19,WD1
19FEW11639-310427-12,15,11/02/19,WD1
19FEW11639-310427-14,35,11/02/19,WD1
19FEW11639-310427-16,10,11/02/19,WD1
19FEW11639-310427-18,18,11/02/19,WD1
19FEW11639-310427-6,19,11/02/19,WD1
19FEW11639-310427-8,29,11/02/19,WD1
19FEW11640-111055-10,26,11/02/19,WD1
19FEW11640-111055-12,7,11/02/19,WD1
19FEW11640-111055-14,15,11/02/19,WD1
19FEW11640-111055-16,14,11/02/19,WD1
19FEW11640-111055-18,12,11/02/19,WD1
19FEW11640-111055-6,12,11/02/19,WD1
19FEW11640-111055-8,9,11/02/19,WD1
19FEW11641-110814-10,32,11/02/19,WD1
19FEW11641-110814-12,10,11/02/19,WD1
19FEW11641-110814-14,31,11/02/19,WD1
19FEW11641-110814-16,12,11/02/19,WD1
19FEW11641-110814-18,26,11/02/19,WD1
19FEW11641-110814-6,13,11/02/19,WD1
19FEW11641-110814-8,54,11/02/19,WD1
19FEW11642-310491-10,26,11/02/19,WD1
19FEW11642-310491-12,18,11/02/19,WD1
19FEW11642-310491-14,15,11/02/19,WD1
19FEW11642-310491-16,14,11/02/19,WD1
19FEW11642-310491-18,9,11/02/19,WD1
19FEW11642-310491-6,12,11/02/19,WD1
19FEW11642-310491-8,17,11/02/19,WD1
19FEW11644-310431-10,8,11/02/19,WD1
19FEW11644-310431-12,44,11/02/19,WD1
19FEW11644-310431-14,35,11/02/19,WD1
19FEW11644-310431-16,15,11/02/19,WD1
19FEW11644-310431-18,18,11/02/19,WD1
19FEW11644-310431-6,14,11/02/19,WD1
19FEW11644-310431-8,5,11/02/19,WD1
19FEW11645-110807-10,55,11/02/19,WD1
19FEW11645-110807-12,59,11/02/19,WD1
19FEW11645-110807-14,14,11/02/19,WD1
19FEW11645-110807-16,43,11/02/19,WD1
19FEW11645-110807-18,27,11/02/19,WD1
19FEW11645-110807-6,27,11/02/19,WD1
19FEW11645-110807-8,17,11/02/19,WD1
19FEW11646-110820-10,58,11/02/19,WD1
19FEW11646-110820-12,48,11/02/19,WD1
19FEW11646-110820-14,44,11/02/19,WD1
19FEW11646-110820-16,3,11/02/19,WD1
19FEW11646-110820-18,6,11/02/19,WD1
19FEW11646-110820-6,20,11/02/19,WD1
19FEW11646-110820-8,32,11/02/19,WD1
19FEW11648-110809-10,26,11/02/19,WD1
19FEW11648-110809-12,9,11/02/19,WD1
19FEW11648-110809-14,15,11/02/19,WD1
19FEW11648-110809-16,14,11/02/19,WD1
19FEW11648-110809-18,12,11/02/19,WD1
19FEW11648-110809-6,12,11/02/19,WD1
19FEW11648-110809-8,3,11/02/19,WD1
19FEW11649-110817-10,26,11/02/19,WD1
19FEW11649-110817-12,21,11/02/19,WD1
19FEW11649-110817-14,15,11/02/19,WD1
19FEW11649-110817-16,14,11/02/19,WD1
19FEW11649-110817-18,7,11/02/19,WD1
19FEW11649-110817-6,12,11/02/19,WD1
19FEW11649-110817-8,22,11/02/19,WD1
19FEW11651-211384-10,26,11/02/19,WD1
19FEW11651-211384-12,21,11/02/19,WD1
19FEW11651-211384-14,15,11/02/19,WD1
19FEW11651-211384-16,14,11/02/19,WD1
19FEW11651-211384-18,5,11/02/19,WD1
19FEW11651-211384-6,12,11/02/19,WD1
19FEW11651-211384-8,22,11/02/19,WD1
19FEW11655-310492-10,26,11/02/19,WD1
19FEW11655-310492-12,21,11/02/19,WD1
19FEW11655-310492-14,15,11/02/19,WD1
19FEW11655-310492-16,14,11/02/19,WD1
19FEW11655-310492-18,12,11/02/19,WD1
19FEW11655-310492-6,12,11/02/19,WD1
19FEW11655-310492-8,22,11/02/19,WD1
19FEW11656-210723-10,33,11/02/19,WD1
19FEW11656-210723-12,22,11/02/19,WD1
19FEW11656-210723-14,22,11/02/19,WD1
19FEW11656-210723-16,16,11/02/19,WD1
19FEW11656-210723-18,14,11/02/19,WD1
19FEW11656-210723-6,10,11/02/19,WD1
19FEW11656-210723-8,24,11/02/19,WD1
19FEW11657B-210723-10,11,11/02/19,WD1
19FEW11657B-210723-12,21,11/02/19,WD1
19FEW11657B-210723-14,2,11/02/19,WD1
19FEW11657B-210723-16,14,11/02/19,WD1
19FEW11657B-210723-18,12,11/02/19,WD1
19FEW11657B-210723-6,12,11/02/19,WD1
19FEW11657B-210723-8,3,11/02/19,WD1
19FEW11658-310493-10,23,11/02/19,WD1
19FEW11658-310493-12,10,11/02/19,WD1
19FEW11658-310493-14,30,11/02/19,WD1
19FEW11658-310493-16,25,11/02/19,WD1
19FEW11658-310493-18,15,11/02/19,WD1
19FEW11658-310493-6,16,11/02/19,WD1
19FEW11658-310493-8,31,11/02/19,WD1
19FEW11660-310430-10,29,11/02/19,WD1
19FEW11660-310430-12,19,11/02/19,WD1
19FEW11660-310430-14,18,11/02/19,WD1
19FEW11660-310430-16,16,11/02/19,WD1
19FEW11660-310430-18,13,11/02/19,WD1
19FEW11660-310430-6,13,11/02/19,WD1
19FEW11660-310430-8,19,11/02/19,WD1
19FEW11660B-310430-10,20,11/02/19,WD1
19FEW11660B-310430-12,26,11/02/19,WD1
19FEW11660B-310430-14,9,11/02/19,WD1
19FEW11660B-310430-16,14,11/02/19,WD1
19FEW11660B-310430-18,27,11/02/19,WD1
19FEW11660B-310430-6,19,11/02/19,WD1
19FEW11660B-310430-8,43,11/02/19,WD1
19FEW11662-110812-10,3,11/02/19,WD1
19FEW11662-110812-12,44,11/02/19,WD1
19FEW11662-110812-14,2,11/02/19,WD1
19FEW11662-110812-16,28,11/02/19,WD1
19FEW11662-110812-18,18,11/02/19,WD1
19FEW11662-110812-6,19,11/02/19,WD1
19FEW11662-110812-8,41,11/02/19,WD1
19FEW11663-310435-10,21,11/02/19,WD1
19FEW11663-310435-12,49,11/02/19,WD1
19FEW11663-310435-14,45,11/02/19,WD1
19FEW11663-310435-16,25,11/02/19,WD1
19FEW11663-310435-18,19,11/02/19,WD1
19FEW11663-310435-6,20,11/02/19,WD1
19FEW11663-310435-8,1,11/02/19,WD1
19FEW11664-310433-10,11,11/02/19,WD1
19FEW11664-310433-12,38,11/02/19,WD1
19FEW11664-310433-14,9,11/02/19,WD1
19FEW11664-310433-16,12,11/02/19,WD1
19FEW11664-310433-18,4,11/02/19,WD1
19FEW11664-310433-6,19,11/02/19,WD1
19FEW11664-310433-8,6,11/02/19,WD1
19FEW11665-110843-10,7,11/02/19,WD1
19FEW11665-110843-12,21,11/02/19,WD1
19FEW11665-110843-14,12,11/02/19,WD1
19FEW11665-110843-16,13,11/02/19,WD1
19FEW11665-110843-18,10,11/02/19,WD1
19FEW11665-110843-6,12,11/02/19,WD1
19FEW11665-110843-8,22,11/02/19,WD1
19FEW11666-110848-10,27,11/02/19,WD1
19FEW11666-110848-12,5,11/02/19,WD1
19FEW11666-110848-14,18,11/02/19,WD1
19FEW11666-110848-16,14,11/02/19,WD1
19FEW11666-110848-18,14,11/02/19,WD1
19FEW11666-110848-6,12,11/02/19,WD1
19FEW11666-110848-8,4,11/02/19,WD1
19FEW11666B-110848-10,45,11/02/19,WD1
19FEW11666B-110848-12,1,11/02/19,WD1
19FEW11666B-110848-14,24,11/02/19,WD1
19FEW11666B-110848-16,38,11/02/19,WD1
19FEW11666B-110848-18,30,11/02/19,WD1
19FEW11666B-110848-6,10,11/02/19,WD1
19FEW11666B-110848-8,24,11/02/19,WD1
19FEW11668-110855-10,32,11/02/19,WD1
19FEW11668-110855-12,49,11/02/19,WD1
19FEW11668-110855-14,41,11/02/19,WD1
19FEW11668-110855-16,13,11/02/19,WD1
19FEW11668-110855-18,25,11/02/19,WD1
19FEW11668-110855-6,27,11/02/19,WD1
19FEW11668-110855-8,49,11/02/19,WD1
19FEW11670-110841-10,26,11/02/19,WD1
19FEW11670-110841-12,21,11/02/19,WD1
19FEW11670-110841-14,11,11/02/19,WD1
19FEW11670-110841-16,14,11/02/19,WD1
19FEW11670-110841-18,12,11/02/19,WD1
19FEW11670-110841-6,12,11/02/19,WD1
19FEW11670-110841-8,13,11/02/19,WD1
19FEW11672-111414-10,28,11/02/19,WD1
19FEW11672-111414-12,1,11/02/19,WD1
19FEW11672-111414-14,16,11/02/19,WD1
19FEW11672-111414-16,45,11/02/19,WD1
19FEW11672-111414-18,19,11/02/19,WD1
19FEW11672-111414-6,30,11/02/19,WD1
19FEW11672-111414-8,4,11/02/19,WD1
19FEW11673-110835-10,44,11/02/19,WD1
19FEW11673-110835-12,11,11/02/19,WD1
19FEW11673-110835-14,2,11/02/19,WD1
19FEW11673-110835-16,6,11/02/19,WD1
19FEW11673-110835-18,9,11/02/19,WD1
19FEW11673-110835-6,20,11/02/19,WD1
19FEW11673-110835-8,36,11/02/19,WD1
19FEW11674-110851-10,32,11/02/19,WD1
19FEW11674-110851-12,28,11/02/19,WD1
19FEW11674-110851-14,14,11/02/19,WD1
19FEW11674-110851-16,30,11/02/19,WD1
19FEW11674-110851-18,26,11/02/19,WD1
19FEW11674-110851-6,20,11/02/19,WD1
19FEW11674-110851-8,29,11/02/19,WD1
19FEW11674-111530-10,9,11/02/19,WD1
19FEW11674-111530-12,21,11/02/19,WD1
19FEW11674-111530-14,8,11/02/19,WD1
19FEW11674-111530-16,28,11/02/19,WD1
19FEW11674-111530-18,19,11/02/19,WD1
19FEW11674-111530-6,21,11/02/19,WD1
19FEW11674-111530-8,24,11/02/19,WD1
19FEW11675-110868-10,60,11/02/19,WD1
19FEW11675-110868-12,54,11/02/19,WD1
19FEW11675-110868-14,36,11/02/19,WD1
19FEW11675-110868-16,9,11/02/19,WD1
19FEW11675-110868-18,3,11/02/19,WD1
19FEW11675-110868-6,3,11/02/19,WD1
19FEW11675-110868-8,58,11/02/19,WD1
19FEW11676-110854-10,43,11/02/19,WD1
19FEW11676-110854-12,54,11/02/19,WD1
19FEW11676-110854-14,55,11/02/19,WD1
19FEW11676-110854-16,14,11/02/19,WD1
19FEW11676-110854-18,20,11/02/19,WD1
19FEW11676-110854-6,25,11/02/19,WD1
19FEW11676-110854-8,45,11/02/19,WD1
19FEW11677-110881-10,11,11/02/19,WD1
19FEW11677-110881-12,56,11/02/19,WD1
19FEW11677-110881-14,28,11/02/19,WD1
19FEW11677-110881-16,2,11/02/19,WD1
19FEW11677-110881-18,30,11/02/19,WD1
19FEW11677-110881-6,9,11/02/19,WD1
19FEW11677-110881-8,36,11/02/19,WD1
19FEW11678-110854-10,17,11/02/19,WD1
19FEW11678-110854-12,13,11/02/19,WD1
19FEW11678-110854-14,15,11/02/19,WD1
19FEW11678-110854-16,14,11/02/19,WD1
19FEW11678-110854-18,12,11/02/19,WD1
19FEW11678-110854-6,12,11/02/19,WD1
19FEW11678-110854-8,22,11/02/19,WD1
19FEW11679-110856-10,57,11/02/19,WD1
19FEW11679-110856-12,50,11/02/19,WD1
19FEW11679-110856-14,8,11/02/19,WD1
19FEW11679-110856-16,29,11/02/19,WD1
19FEW11679-110856-18,28,11/02/19,WD1
19FEW11679-110856-6,2,11/02/19,WD1
19FEW11679-110856-8,38,11/02/19,WD1
19FEW11680-111455-10,12,11/02/19,WD1
19FEW11680-111455-12,3,11/02/19,WD1
19FEW11680-111455-14,20,11/02/19,WD1
19FEW11680-111455-16,1,11/02/19,WD1
19FEW11680-111455-18,14,11/02/19,WD1
19FEW11680-111455-6,13,11/02/19,WD1
19FEW11680-111455-8,29,11/02/19,WD1
19FEW11682-110865-10,26,11/02/19,WD1
19FEW11682-110865-12,21,11/02/19,WD1
19FEW11682-110865-14,2,11/02/19,WD1
19FEW11682-110865-16,14,11/02/19,WD1
19FEW11682-110865-18,12,11/02/19,WD1
19FEW11682-110865-6,1,11/02/19,WD1
19FEW11682-110865-8,6,11/02/19,WD1
19FEW11683-110847-10,26,11/02/19,WD1
19FEW11683-110847-12,21,11/02/19,WD1
19FEW11683-110847-14,15,11/02/19,WD1
19FEW11683-110847-16,14,11/02/19,WD1
19FEW11683-110847-18,12,11/02/19,WD1
19FEW11683-110847-6,3,11/02/19,WD1
19FEW11683-110847-8,22,11/02/19,WD1
19FEW11684-110847-10,26,11/02/19,WD1
19FEW11684-110847-12,21,11/02/19,WD1
19FEW11684-110847-14,13,11/02/19,WD1
19FEW11684-110847-16,14,11/02/19,WD1
19FEW11684-110847-18,4,11/02/19,WD1
19FEW11684-110847-6,10,11/02/19,WD1
19FEW11684-110847-8,22,11/02/19,WD1
19FEW11685-110836-10,12,11/02/19,WD1
19FEW11685-110836-12,21,11/02/19,WD1
19FEW11685-110836-14,15,11/02/19,WD1
19FEW11685-110836-16,7,11/02/19,WD1
19FEW11685-110836-18,12,11/02/19,WD1
19FEW11685-110836-6,12,11/02/19,WD1
19FEW11685-110836-8,22,11/02/19,WD1
19FEW11686-110827-10,32,11/02/19,WD1
19FEW11686-110827-12,28,11/02/19,WD1
19FEW11686-110827-14,18,11/02/19,WD1
19FEW11686-110827-16,6,11/02/19,WD1
19FEW11686-110827-18,7,11/02/19,WD1
19FEW11686-110827-6,14,11/02/19,WD1
19FEW11686-110827-8,28,11/02/19,WD1
19FEW11687-111415-10,41,11/02/19,WD1
19FEW11687-111415-12,25,11/02/19,WD1
19FEW11687-111415-14,43,11/02/19,WD1
19FEW11687-111415-16,23,11/02/19,WD1
19FEW11687-111415-18,28,11/02/19,WD1
19FEW11687-111415-6,15,11/02/19,WD1
19FEW11687-111415-8,7,11/02/19,WD1
19FEW11689-110870-10,40,11/02/19,WD1
19FEW11689-110870-12,18,11/02/19,WD1
19FEW11689-110870-14,43,11/02/19,WD1
19FEW11689-110870-16,22,11/02/19,WD1
19FEW11689-110870-18,9,11/02/19,WD1
19FEW11689-110870-6,20,11/02/19,WD1
19FEW11689-110870-8,11,11/02/19,WD1
19FEW11690-110832-10,11,11/02/19,WD1
19FEW11690-110832-12,32,11/02/19,WD1
19FEW11690-110832-14,47,11/02/19,WD1
19FEW11690-110832-16,34,11/02/19,WD1
19FEW11690-110832-18,24,11/02/19,WD1
19FEW11690-110832-6,24,11/02/19,WD1
19FEW11690-110832-8,47,11/02/19,WD1
19FEW11690-110834-10,41,11/02/19,WD1
19FEW11690-110834-12,46,11/02/19,WD1
19FEW11690-110834-14,39,11/02/19,WD1
19FEW11690-110834-16,35,11/02/19,WD1
19FEW11690-110834-18,3,11/02/19,WD1
19FEW11690-110834-6,12,11/02/19,WD1
19FEW11690-110834-8,44,11/02/19,WD1
19FEW11691-110853-10,26,11/02/19,WD1
19FEW11691-110853-12,5,11/02/19,WD1
19FEW11691-110853-14,19,11/02/19,WD1
19FEW11691-110853-16,16,11/02/19,WD1
19FEW11691-110853-18,4,11/02/19,WD1
19FEW11691-110853-6,12,11/02/19,WD1
19FEW11691-110853-8,21,11/02/19,WD1
19FEW11692-110859-10,58,11/02/19,WD1
19FEW11692-110859-12,42,11/02/19,WD1
19FEW11692-110859-14,12,11/02/19,WD1
19FEW11692-110859-16,2,11/02/19,WD1
19FEW11692-110859-18,25,11/02/19,WD1
19FEW11692-110859-6,27,11/02/19,WD1
19FEW11692-110859-8,52,11/02/19,WD1
19FEW11693-110864-10,26,11/02/19,WD1
19FEW11693-110864-12,29,11/02/19,WD1
19FEW11693-110864-14,20,11/02/19,WD1
19FEW11693-110864-16,29,11/02/19,WD1
19FEW11693-110864-18,18,11/02/19,WD1
19FEW11693-110864-6,17,11/02/19,WD1
19FEW11693-110864-8,20,11/02/19,WD1
19FEW11694-110849-10,19,11/02/19,WD1
19FEW11694-110849-12,52,11/02/19,WD1
19FEW11694-110849-14,12,11/02/19,WD1
19FEW11694-110849-16,23,11/02/19,WD1
19FEW11694-110849-18,26,11/02/19,WD1
19FEW11694-110849-6,20,11/02/19,WD1
19FEW11694-110849-8,49,11/02/19,WD1
19FEW11695-111416-10,27,11/02/19,WD1
19FEW11695-111416-12,49,11/02/19,WD1
19FEW11695-111416-14,10,11/02/19,WD1
19FEW11695-111416-16,30,11/02/19,WD1
19FEW11695-111416-18,15,11/02/19,WD1
19FEW11695-111416-6,4,11/02/19,WD1
19FEW11695-111416-8,27,11/02/19,WD1
19FEW11696-110869-10,26,11/02/19,WD1
19FEW11696-110869-12,9,11/02/19,WD1
19FEW11696-110869-14,15,11/02/19,WD1
19FEW11696-110869-16,14,11/02/19,WD1
19FEW11696-110869-18,12,11/02/19,WD1
19FEW11696-110869-6,7,11/02/19,WD1
19FEW11696-110869-8,22,11/02/19,WD1
19FEW11704-110961-10,30,11/02/19,WD1
19FEW11704-110961-12,2,11/02/19,WD1
19FEW11704-110961-14,21,11/02/19,WD1
19FEW11704-110961-16,13,11/02/19,WD1
19FEW11704-110961-18,11,11/02/19,WD1
19FEW11704-110961-6,11,11/02/19,WD1
19FEW11704-110961-8,24,11/02/19,WD1
19FEW11705-110953-10,26,11/02/19,WD1
19FEW11705-110953-12,21,11/02/19,WD1
19FEW11705-110953-14,15,11/02/19,WD1
19FEW11705-110953-16,9,11/02/19,WD1
19FEW11705-110953-18,12,11/02/19,WD1
19FEW11705-110953-6,12,11/02/19,WD1
19FEW11705-110953-8,12,11/02/19,WD1
19FEW11709-110938-10,26,11/02/19,WD1
19FEW11709-110938-12,21,11/02/19,WD1
19FEW11709-110938-14,15,11/02/19,WD1
19FEW11709-110938-16,14,11/02/19,WD1
19FEW11709-110938-18,12,11/02/19,WD1
19FEW11709-110938-6,12,11/02/19,WD1
19FEW11709-110938-8,5,11/02/19,WD1
19FEW11724-211422-10,26,11/02/19,WD1
19FEW11724-211422-12,21,11/02/19,WD1
19FEW11724-211422-14,15,11/02/19,WD1
19FEW11724-211422-16,14,11/02/19,WD1
19FEW11724-211422-18,12,11/02/19,WD1
19FEW11724-211422-6,5,11/02/19,WD1
19FEW11724-211422-8,22,11/02/19,WD1
19FEW11735-211438-10,32,11/02/19,WD1
19FEW11735-211438-12,24,11/02/19,WD1
19FEW11735-211438-14,25,11/02/19,WD1
19FEW11735-211438-16,28,11/02/19,WD1
19FEW11735-211438-18,18,11/02/19,WD1
19FEW11735-211438-6,19,11/02/19,WD1
19FEW11735-211438-8,35,11/02/19,WD1
19FEW11751-210836-10,40,11/02/19,WD1
19FEW11751-210836-12,15,11/02/19,WD1
19FEW11751-210836-14,25,11/02/19,WD1
19FEW11751-210836-16,21,11/02/19,WD1
19FEW11751-210836-18,18,11/02/19,WD1
19FEW11751-210836-6,19,11/02/19,WD1
19FEW11751-210836-8,43,11/02/19,WD1
19FEW11770-110746-10,43,11/02/19,WD1
19FEW11770-110746-12,3,11/02/19,WD1
19FEW11770-110746-14,47,11/02/19,WD1
19FEW11770-110746-16,19,11/02/19,WD1
19FEW11770-110746-18,5,11/02/19,WD1
19FEW11770-110746-6,29,11/02/19,WD1
19FEW11770-110746-8,28,11/02/19,WD1
19FEW11770-110748-10,49,11/02/19,WD1
19FEW11770-110748-12,28,11/02/19,WD1
19FEW11770-110748-14,52,11/02/19,WD1
19FEW11770-110748-16,7,11/02/19,WD1
19FEW11770-110748-18,29,11/02/19,WD1
19FEW11770-110748-6,19,11/02/19,WD1
19FEW11770-110748-8,5,11/02/19,WD1
19FEW11771-110752-10,31,11/02/19,WD1
19FEW11771-110752-12,10,11/02/19,WD1
19FEW11771-110752-14,46,11/02/19,WD1
19FEW11771-110752-16,15,11/02/19,WD1
19FEW11771-110752-18,25,11/02/19,WD1
19FEW11771-110752-6,31,11/02/19,WD1
19FEW11771-110752-8,34,11/02/19,WD1
19FEW11772-110772-10,49,11/02/19,WD1
19FEW11772-110772-12,44,11/02/19,WD1
19FEW11772-110772-14,35,11/02/19,WD1
19FEW11772-110772-16,24,11/02/19,WD1
19FEW11772-110772-18,18,11/02/19,WD1
19FEW11772-110772-6,17,11/02/19,WD1
19FEW11772-110772-8,44,11/02/19,WD1
19FEW11773-110770-10,14,11/02/19,WD1
19FEW11773-110770-12,8,11/02/19,WD1
19FEW11773-110770-14,35,11/02/19,WD1
19FEW11773-110770-16,14,11/02/19,WD1
19FEW11773-110770-18,13,11/02/19,WD1
19FEW11773-110770-6,15,11/02/19,WD1
19FEW11773-110770-8,44,11/02/19,WD1
19FEW11774-110760-10,6,11/02/19,WD1
19FEW11774-110760-12,21,11/02/19,WD1
19FEW11774-110760-14,15,11/02/19,WD1
19FEW11774-110760-16,14,11/02/19,WD1
19FEW11774-110760-18,12,11/02/19,WD1
19FEW11774-110760-6,1,11/02/19,WD1
19FEW11774-110760-8,22,11/02/19,WD1
19FEW11775-110766-10,24,11/02/19,WD1
19FEW11775-110766-12,13,11/02/19,WD1
19FEW11775-110766-14,35,11/02/19,WD1
19FEW11775-110766-16,20,11/02/19,WD1
19FEW11775-110766-18,18,11/02/19,WD1
19FEW11775-110766-6,19,11/02/19,WD1
19FEW11775-110766-8,8,11/02/19,WD1
19FEW11775-110767-10,38,11/02/19,WD1
19FEW11775-110767-12,22,11/02/19,WD1
19FEW11775-110767-14,33,11/02/19,WD1
19FEW11775-110767-16,5,11/02/19,WD1
19FEW11775-110767-18,5,11/02/19,WD1
19FEW11775-110767-6,10,11/02/19,WD1
19FEW11775-110767-8,29,11/02/19,WD1
19FEW11776-110774-10,7,11/02/19,WD1
19FEW11776-110774-12,40,11/02/19,WD1
19FEW11776-110774-14,24,11/02/19,WD1
19FEW11776-110774-16,13,11/02/19,WD1
19FEW11776-110774-18,18,11/02/19,WD1
19FEW11776-110774-6,21,11/02/19,WD1
19FEW11776-110774-8,41,11/02/19,WD1
19FEW11776-110787-10,26,11/02/19,WD1
19FEW11776-110787-12,21,11/02/19,WD1
19FEW11776-110787-14,15,11/02/19,WD1
19FEW11776-110787-16,14,11/02/19,WD1
19FEW11776-110787-18,12,11/02/19,WD1
19FEW11776-110787-6,6,11/02/19,WD1
19FEW11776-110787-8,14,11/02/19,WD1
19FEW11777-110773-10,19,11/02/19,WD1
19FEW11777-110773-12,51,11/02/19,WD1
19FEW11777-110773-14,19,11/02/19,WD1
19FEW11777-110773-16,21,11/02/19,WD1
19FEW11777-110773-18,4,11/02/19,WD1
19FEW11777-110773-6,13,11/02/19,WD1
19FEW11777-110773-8,47,11/02/19,WD1
19FEW11778-110744-10,33,11/02/19,WD1
19FEW11778-110744-12,42,11/02/19,WD1
19FEW11778-110744-14,26,11/02/19,WD1
19FEW11778-110744-16,30,11/02/19,WD1
19FEW11778-110744-18,23,11/02/19,WD1
19FEW11778-110744-6,20,11/02/19,WD1
19FEW11778-110744-8,10,11/02/19,WD1
19FEW11779-111263-10,18,11/02/19,WD1
19FEW11779-111263-12,12,11/02/19,WD1
19FEW11779-111263-14,2,11/02/19,WD1
19FEW11779-111263-16,14,11/02/19,WD1
19FEW11779-111263-18,12,11/02/19,WD1
19FEW11779-111263-6,12,11/02/19,WD1
19FEW11779-111263-8,22,11/02/19,WD1
19FEW11779-111265-10,26,11/02/19,WD1
19FEW11779-111265-12,21,11/02/19,WD1
19FEW11779-111265-14,15,11/02/19,WD1
19FEW11779-111265-16,14,11/02/19,WD1
19FEW11779-111265-18,12,11/02/19,WD1
19FEW11779-111265-6,12,11/02/19,WD1
19FEW11779-111265-8,22,11/02/19,WD1
19FEW11781-110758-10,26,11/02/19,WD1
19FEW11781-110758-12,21,11/02/19,WD1
19FEW11781-110758-14,15,11/02/19,WD1
19FEW11781-110758-16,14,11/02/19,WD1
19FEW11781-110758-18,12,11/02/19,WD1
19FEW11781-110758-6,12,11/02/19,WD1
19FEW11781-110758-8,22,11/02/19,WD1
19FEW11782-110756-10,41,11/02/19,WD1
19FEW11782-110756-12,19,11/02/19,WD1
19FEW11782-110756-14,41,11/02/19,WD1
19FEW11782-110756-16,12,11/02/19,WD1
19FEW11782-110756-18,20,11/02/19,WD1
19FEW11782-110756-6,9,11/02/19,WD1
19FEW11782-110756-8,9,11/02/19,WD1
19FEW11784-211323-10,10,11/02/19,WD1
19FEW11784-211323-12,44,11/02/19,WD1
19FEW11784-211323-14,35,11/02/19,WD1
19FEW11784-211323-16,28,11/02/19,WD1
19FEW11784-211323-18,10,11/02/19,WD1
19FEW11784-211323-6,19,11/02/19,WD1
19FEW11784-211323-8,39,11/02/19,WD1
19FEW11785-111047-10,30,11/02/19,WD1
19FEW11785-111047-12,25,11/02/19,WD1
19FEW11785-111047-14,20,11/02/19,WD1
19FEW11785-111047-16,5,11/02/19,WD1
19FEW11785-111047-18,7,11/02/19,WD1
19FEW11785-111047-6,12,11/02/19,WD1
19FEW11785-111047-8,28,11/02/19,WD1
19FEW11786-310610-10,44,11/02/19,WD1
19FEW11786-310610-12,13,11/02/19,WD1
19FEW11786-310610-14,25,11/02/19,WD1
19FEW11786-310610-16,13,11/02/19,WD1
19FEW11786-310610-18,8,11/02/19,WD1
19FEW11786-310610-6,17,11/02/19,WD1
19FEW11786-310610-8,44,11/02/19,WD1
19FEW11787-110762-10,41,11/02/19,WD1
19FEW11787-110762-12,12,11/02/19,WD1
19FEW11787-110762-14,45,11/02/19,WD1
19FEW11787-110762-16,22,11/02/19,WD1
19FEW11787-110762-18,25,11/02/19,WD1
19FEW11787-110762-6,7,11/02/19,WD1
19FEW11787-110762-8,51,11/02/19,WD1
19FEW11788-210585-10,12,11/02/19,WD1
19FEW11788-210585-12,21,11/02/19,WD1
19FEW11788-210585-14,15,11/02/19,WD1
19FEW11788-210585-16,2,11/02/19,WD1
19FEW11788-210585-18,12,11/02/19,WD1
19FEW11788-210585-6,11,11/02/19,WD1
19FEW11788-210585-8,22,11/02/19,WD1
19FEW11790-110776-10,21,11/02/19,WD1
19FEW11790-110776-12,6,11/02/19,WD1
19FEW11790-110776-14,16,11/02/19,WD1
19FEW11790-110776-16,1,11/02/19,WD1
19FEW11790-110776-18,14,11/02/19,WD1
19FEW11790-110776-6,15,11/02/19,WD1
19FEW11790-110776-8,20,11/02/19,WD1
19FEW11791-110750-10,26,11/02/19,WD1
19FEW11791-110750-12,3,11/02/19,WD1
19FEW11791-110750-14,6,11/02/19,WD1
19FEW11791-110750-16,14,11/02/19,WD1
19FEW11791-110750-18,12,11/02/19,WD1
19FEW11791-110750-6,12,11/02/19,WD1
19FEW11791-110750-8,5,11/02/19,WD1
19FEW11792-111409-10,26,11/02/19,WD1
19FEW11792-111409-12,21,11/02/19,WD1
19FEW11792-111409-14,15,11/02/19,WD1
19FEW11792-111409-16,14,11/02/19,WD1
19FEW11792-111409-18,12,11/02/19,WD1
19FEW11792-111409-6,12,11/02/19,WD1
19FEW11792-111409-8,14,11/02/19,WD1
19FEW11793-110764-10,15,11/02/19,WD1
19FEW11793-110764-12,21,11/02/19,WD1
19FEW11793-110764-14,15,11/02/19,WD1
19FEW11793-110764-16,14,11/02/19,WD1
19FEW11793-110764-18,8,11/02/19,WD1
19FEW11793-110764-6,12,11/02/19,WD1
19FEW11793-110764-8,5,11/02/19,WD1
19FEW11794-111410-10,5,11/02/19,WD1
19FEW11794-111410-12,5,11/02/19,WD1
19FEW11794-111410-14,15,11/02/19,WD1
19FEW11794-111410-16,14,11/02/19,WD1
19FEW11794-111410-18,12,11/02/19,WD1
19FEW11794-111410-6,8,11/02/19,WD1
19FEW11794-111410-8,22,11/02/19,WD1
19FEW11795-110754-10,5,11/02/19,WD1
19FEW11795-110754-12,15,11/02/19,WD1
19FEW11795-110754-14,15,11/02/19,WD1
19FEW11795-110754-16,14,11/02/19,WD1
19FEW11795-110754-18,12,11/02/19,WD1
19FEW11795-110754-6,12,11/02/19,WD1
19FEW11795-110754-8,10,11/02/19,WD1
19FEW11796-210595-10,16,11/02/19,WD1
19FEW11796-210595-12,5,11/02/19,WD1
19FEW11796-210595-14,18,11/02/19,WD1
19FEW11796-210595-16,16,11/02/19,WD1
19FEW11796-210595-18,15,11/02/19,WD1
19FEW11796-210595-6,14,11/02/19,WD1
19FEW11796-210595-8,25,11/02/19,WD1
19FEW11801-310369-10,44,11/02/19,WD1
19FEW11801-310369-12,58,11/02/19,WD1
19FEW11801-310369-14,9,11/02/19,WD1
19FEW11801-310369-16,23,11/02/19,WD1
19FEW11801-310369-18,18,11/02/19,WD1
19FEW11801-310369-6,22,11/02/19,WD1
19FEW11801-310369-8,13,11/02/19,WD1
19FEW11875-211440-10,30,11/02/19,WD1
19FEW11875-211440-12,16,11/02/19,WD1
19FEW11875-211440-14,18,11/02/19,WD1
19FEW11875-211440-16,13,11/02/19,WD1
19FEW11875-211440-18,11,11/02/19,WD1
19FEW11875-211440-6,11,11/02/19,WD1
19FEW11875-211440-8,7,11/02/19,WD1
19FEW11875-211441-10,22,11/02/19,WD1
19FEW11875-211441-12,25,11/02/19,WD1
19FEW11875-211441-14,2,11/02/19,WD1
19FEW11875-211441-16,13,11/02/19,WD1
19FEW11875-211441-18,11,11/02/19,WD1
19FEW11875-211441-6,11,11/02/19,WD1
19FEW11875-211441-8,16,11/02/19,WD1
19FEW11876-111318-10,39,11/02/19,WD1
19FEW11876-111318-12,12,11/02/19,WD1
19FEW11876-111318-14,2,11/02/19,WD1
19FEW11876-111318-16,28,11/02/19,WD1
19FEW11876-111318-18,18,11/02/19,WD1
19FEW11876-111318-6,12,11/02/19,WD1
19FEW11876-111318-8,44,11/02/19,WD1
19FEW11877-111309-10,2,11/02/19,WD1
19FEW11877-111309-12,12,11/02/19,WD1
19FEW11877-111309-14,24,11/02/19,WD1
19FEW11877-111309-16,30,11/02/19,WD1
19FEW11877-111309-18,16,11/02/19,WD1
19FEW11877-111309-6,2,11/02/19,WD1
19FEW11877-111309-8,8,11/02/19,WD1
19FEW11878-111313-10,44,11/02/19,WD1
19FEW11878-111313-12,32,11/02/19,WD1
19FEW11878-111313-14,52,11/02/19,WD1
19FEW11878-111313-16,43,11/02/19,WD1
19FEW11878-111313-18,26,11/02/19,WD1
19FEW11878-111313-6,27,11/02/19,WD1
19FEW11878-111313-8,43,11/02/19,WD1
19FEW11879-111311-10,56,11/02/19,WD1
19FEW11879-111311-12,45,11/02/19,WD1
19FEW11879-111311-14,33,11/02/19,WD1
19FEW11879-111311-16,37,11/02/19,WD1
19FEW11879-111311-18,18,11/02/19,WD1
19FEW11879-111311-6,27,11/02/19,WD1
19FEW11879-111311-8,43,11/02/19,WD1
19FEW11880-111493-10,26,11/02/19,WD1
19FEW11880-111493-12,25,11/02/19,WD1
19FEW11880-111493-14,21,11/02/19,WD1
19FEW11880-111493-16,4,11/02/19,WD1
19FEW11880-111493-18,11,11/02/19,WD1
19FEW11880-111493-6,11,11/02/19,WD1
19FEW11880-111493-8,15,11/02/19,WD1
19FEW11882-111458-10,48,11/02/19,WD1
19FEW11882-111458-12,58,11/02/19,WD1
19FEW11882-111458-14,13,11/02/19,WD1
19FEW11882-111458-16,43,11/02/19,WD1
19FEW11882-111458-18,11,11/02/19,WD1
19FEW11882-111458-6,27,11/02/19,WD1
19FEW11882-111458-8,50,11/02/19,WD1
19FEW11883-111315-10,28,11/02/19,WD1
19FEW11883-111315-12,7,11/02/19,WD1
19FEW11883-111315-14,7,11/02/19,WD1
19FEW11883-111315-16,43,11/02/19,WD1
19FEW11883-111315-18,27,11/02/19,WD1
19FEW11883-111315-6,27,11/02/19,WD1
19FEW11883-111315-8,5,11/02/19,WD1
19FEW11887-111317-10,24,11/02/19,WD1
19FEW11887-111317-12,28,11/02/19,WD1
19FEW11887-111317-14,24,11/02/19,WD1
19FEW11887-111317-16,17,11/02/19,WD1
19FEW11887-111317-18,18,11/02/19,WD1
19FEW11887-111317-6,19,11/02/19,WD1
19FEW11887-111317-8,44,11/02/19,WD1
19FEW11888-111336-10,11,11/02/19,WD1
19FEW11888-111336-12,50,11/02/19,WD1
19FEW11888-111336-14,29,11/02/19,WD1
19FEW11888-111336-16,43,11/02/19,WD1
19FEW11888-111336-18,5,11/02/19,WD1
19FEW11888-111336-6,27,11/02/19,WD1
19FEW11888-111336-8,2,11/02/19,WD1
19FEW11890-111322-10,29,11/02/19,WD1
19FEW11890-111322-12,38,11/02/19,WD1
19FEW11890-111322-14,30,11/02/19,WD1
19FEW11890-111322-16,17,11/02/19,WD1
19FEW11890-111322-18,15,11/02/19,WD1
19FEW11890-111322-6,16,11/02/19,WD1
19FEW11890-111322-8,32,11/02/19,WD1
19FEW11891-111341-10,22,11/02/19,WD1
19FEW11891-111341-12,21,11/02/19,WD1
19FEW11891-111341-14,15,11/02/19,WD1
19FEW11891-111341-16,14,11/02/19,WD1
19FEW11891-111341-18,12,11/02/19,WD1
19FEW11891-111341-6,12,11/02/19,WD1
19FEW11891-111341-8,22,11/02/19,WD1
19FEW11892-111340-10,26,11/02/19,WD1
19FEW11892-111340-12,20,11/02/19,WD1
19FEW11892-111340-14,15,11/02/19,WD1
19FEW11892-111340-16,7,11/02/19,WD1
19FEW11892-111340-18,5,11/02/19,WD1
19FEW11892-111340-6,12,11/02/19,WD1
19FEW11892-111340-8,20,11/02/19,WD1
19FEW11893-111320-10,49,11/02/19,WD1
19FEW11893-111320-12,1,11/02/19,WD1
19FEW11893-111320-14,1,11/02/19,WD1
19FEW11893-111320-16,28,11/02/19,WD1
19FEW11893-111320-18,18,11/02/19,WD1
19FEW11893-111320-6,19,11/02/19,WD1
19FEW11893-111320-8,26,11/02/19,WD1
19FEW11894-111339-10,3,11/02/19,WD1
19FEW11894-111339-12,7,11/02/19,WD1
19FEW11894-111339-14,22,11/02/19,WD1
19FEW11894-111339-16,43,11/02/19,WD1
19FEW11894-111339-18,17,11/02/19,WD1
19FEW11894-111339-6,6,11/02/19,WD1
19FEW11894-111339-8,50,11/02/19,WD1
19FEW11895-111337-10,39,11/02/19,WD1
19FEW11895-111337-12,7,11/02/19,WD1
19FEW11895-111337-14,13,11/02/19,WD1
19FEW11895-111337-16,41,11/02/19,WD1
19FEW11895-111337-18,27,11/02/19,WD1
19FEW11895-111337-6,27,11/02/19,WD1
19FEW11895-111337-8,51,11/02/19,WD1
19FEW11895-111772-10,8,11/02/19,WD1
19FEW11895-111772-12,41,11/02/19,WD1
19FEW11895-111772-14,35,11/02/19,WD1
19FEW11895-111772-16,28,11/02/19,WD1
19FEW11895-111772-18,13,11/02/19,WD1
19FEW11895-111772-6,19,11/02/19,WD1
19FEW11895-111772-8,36,11/02/19,WD1
19FEW11896-111457-10,34,11/02/19,WD1
19FEW11896-111457-12,15,11/02/19,WD1
19FEW11896-111457-14,18,11/02/19,WD1
19FEW11896-111457-16,12,11/02/19,WD1
19FEW11896-111457-18,16,11/02/19,WD1
19FEW11896-111457-6,3,11/02/19,WD1
19FEW11896-111457-8,44,11/02/19,WD1
19FEW11898-211451-10,30,11/02/19,WD1
19FEW11898-211451-12,25,11/02/19,WD1
19FEW11898-211451-14,21,11/02/19,WD1
19FEW11898-211451-16,13,11/02/19,WD1
19FEW11898-211451-18,11,11/02/19,WD1
19FEW11898-211451-6,11,11/02/19,WD1
19FEW11898-211451-8,24,11/02/19,WD1
19FEW11899-111332-10,59,11/02/19,WD1
19FEW11899-111332-12,49,11/02/19,WD1
19FEW11899-111332-14,26,11/02/19,WD1
19FEW11899-111332-16,30,11/02/19,WD1
19FEW11899-111332-18,25,11/02/19,WD1
19FEW11899-111332-6,20,11/02/19,WD1
19FEW11899-111332-8,11,11/02/19,WD1
19FEW11900-111319-10,27,11/02/19,WD1
19FEW11900-111319-12,44,11/02/19,WD1
19FEW11900-111319-14,1,11/02/19,WD1
19FEW11900-111319-16,23,11/02/19,WD1
19FEW11900-111319-18,18,11/02/19,WD1
19FEW11900-111319-6,19,11/02/19,WD1
19FEW11900-111319-8,44,11/02/19,WD1
19FEW11901-111312-10,49,11/02/19,WD1
19FEW11901-111312-12,44,11/02/19,WD1
19FEW11901-111312-14,35,11/02/19,WD1
19FEW11901-111312-16,15,11/02/19,WD1
19FEW11901-111312-18,18,11/02/19,WD1
19FEW11901-111312-6,19,11/02/19,WD1
19FEW11901-111312-8,23,11/02/19,WD1
19FEW11903-111334-10,39,11/02/19,WD1
19FEW11903-111334-12,49,11/02/19,WD1
19FEW11903-111334-14,2,11/02/19,WD1
19FEW11903-111334-16,23,11/02/19,WD1
19FEW11903-111334-18,25,11/02/19,WD1
19FEW11903-111334-6,12,11/02/19,WD1
19FEW11903-111334-8,21,11/02/19,WD1
19FEW11903-111774-10,34,11/02/19,WD1
19FEW11903-111774-12,44,11/02/19,WD1
19FEW11903-111774-14,9,11/02/19,WD1
19FEW11903-111774-16,13,11/02/19,WD1
19FEW11903-111774-18,18,11/02/19,WD1
19FEW11903-111774-6,19,11/02/19,WD1
19FEW11903-111774-8,39,11/02/19,WD1
19FEW11904-211450-10,30,11/02/19,WD1
19FEW11904-211450-12,1,11/02/19,WD1
19FEW11904-211450-14,23,11/02/19,WD1
19FEW11904-211450-16,20,11/02/19,WD1
19FEW11904-211450-18,9,11/02/19,WD1
19FEW11904-211450-6,17,11/02/19,WD1
19FEW11904-211450-8,44,11/02/19,WD1
19FEW11905-111095-10,22,11/02/19,WD1
19FEW11905-111095-12,21,11/02/19,WD1
19FEW11905-111095-14,9,11/02/19,WD1
19FEW11905-111095-16,14,11/02/19,WD1
19FEW11905-111095-18,12,11/02/19,WD1
19FEW11905-111095-6,12,11/02/19,WD1
19FEW11905-111095-8,22,11/02/19,WD1
19FEW11907-111343-10,10,11/02/19,WD1
19FEW11907-111343-12,25,11/02/19,WD1
19FEW11907-111343-14,21,11/02/19,WD1
19FEW11907-111343-16,4,11/02/19,WD1
19FEW11907-111343-18,11,11/02/19,WD1
19FEW11907-111343-6,11,11/02/19,WD1
19FEW11907-111343-8,24,11/02/19,WD1
19FEW11908-111328-10,24,11/02/19,WD1
19FEW11908-111328-12,21,11/02/19,WD1
19FEW11908-111328-14,15,11/02/19,WD1
19FEW11908-111328-16,8,11/02/19,WD1
19FEW11908-111328-18,12,11/02/19,WD1
19FEW11908-111328-6,12,11/02/19,WD1
19FEW11908-111328-8,21,11/02/19,WD1
19FEW11909-111310-10,21,11/02/19,WD1
19FEW11909-111310-12,44,11/02/19,WD1
19FEW11909-111310-14,45,11/02/19,WD1
19FEW11909-111310-16,19,11/02/19,WD1
19FEW11909-111310-18,25,11/02/19,WD1
19FEW11909-111310-6,5,11/02/19,WD1
19FEW11909-111310-8,40,11/02/19,WD1
19FEW11909-111773-10,19,11/02/19,WD1
19FEW11909-111773-12,12,11/02/19,WD1
19FEW11909-111773-14,8,11/02/19,WD1
19FEW11909-111773-16,30,11/02/19,WD1
19FEW11909-111773-18,25,11/02/19,WD1
19FEW11909-111773-6,20,11/02/19,WD1
19FEW11909-111773-8,46,11/02/19,WD1
19FEW11910-111280-10,26,11/02/19,WD1
19FEW11910-111280-12,8,11/02/19,WD1
19FEW11910-111280-14,15,11/02/19,WD1
19FEW11910-111280-16,14,11/02/19,WD1
19FEW11910-111280-18,12,11/02/19,WD1
19FEW11910-111280-6,12,11/02/19,WD1
19FEW11910-111280-8,12,11/02/19,WD1
19FEW11912-111473-10,7,11/02/19,WD1
19FEW11912-111473-12,7,11/02/19,WD1
19FEW11912-111473-14,15,11/02/19,WD1
19FEW11912-111473-16,14,11/02/19,WD1
19FEW11912-111473-18,12,11/02/19,WD1
19FEW11912-111473-6,12,11/02/19,WD1
19FEW11912-111473-8,22,11/02/19,WD1
19FEW11913-111282-10,26,11/02/19,WD1
19FEW11913-111282-12,21,11/02/19,WD1
19FEW11913-111282-14,15,11/02/19,WD1
19FEW11913-111282-16,14,11/02/19,WD1
19FEW11913-111282-18,12,11/02/19,WD1
19FEW11913-111282-6,12,11/02/19,WD1
19FEW11913-111282-8,22,11/02/19,WD1
19FEW11914-111300-10,35,11/02/19,WD1
19FEW11914-111300-12,34,11/02/19,WD1
19FEW11914-111300-14,45,11/02/19,WD1
19FEW11914-111300-16,30,11/02/19,WD1
19FEW11914-111300-18,25,11/02/19,WD1
19FEW11914-111300-6,20,11/02/19,WD1
19FEW11914-111300-8,52,11/02/19,WD1
19FEW11917-111296-10,26,11/02/19,WD1
19FEW11917-111296-12,21,11/02/19,WD1
19FEW11917-111296-14,15,11/02/19,WD1
19FEW11917-111296-16,14,11/02/19,WD1
19FEW11917-111296-18,12,11/02/19,WD1
19FEW11917-111296-6,12,11/02/19,WD1
19FEW11917-111296-8,22,11/02/19,WD1
19FEW11918-111277-10,30,11/02/19,WD1
19FEW11918-111277-12,44,11/02/19,WD1
19FEW11918-111277-14,33,11/02/19,WD1
19FEW11918-111277-16,28,11/02/19,WD1
19FEW11918-111277-18,18,11/02/19,WD1
19FEW11918-111277-6,19,11/02/19,WD1
19FEW11918-111277-8,44,11/02/19,WD1
19FEW11919-111271-10,4,11/02/19,WD1
19FEW11919-111271-12,44,11/02/19,WD1
19FEW11919-111271-14,17,11/02/19,WD1
19FEW11919-111271-16,5,11/02/19,WD1
19FEW11919-111271-18,18,11/02/19,WD1
19FEW11919-111271-6,19,11/02/19,WD1
19FEW11919-111271-8,27,11/02/19,WD1
19FEW11919-111272-10,32,11/02/19,WD1
19FEW11919-111272-12,44,11/02/19,WD1
19FEW11919-111272-14,19,11/02/19,WD1
19FEW11919-111272-16,28,11/02/19,WD1
19FEW11919-111272-18,18,11/02/19,WD1
19FEW11919-111272-6,19,11/02/19,WD1
19FEW11919-111272-8,30,11/02/19,WD1
19FEW11922-111283-10,21,11/02/19,WD1
19FEW11922-111283-12,21,11/02/19,WD1
19FEW11922-111283-14,15,11/02/19,WD1
19FEW11922-111283-16,14,11/02/19,WD1
19FEW11922-111283-18,12,11/02/19,WD1
19FEW11922-111283-6,3,11/02/19,WD1
19FEW11922-111283-8,22,11/02/19,WD1
19FEW11924-111301-10,8,11/02/19,WD1
19FEW11924-111301-12,21,11/02/19,WD1
19FEW11924-111301-14,15,11/02/19,WD1
19FEW11924-111301-16,4,11/02/19,WD1
19FEW11924-111301-18,12,11/02/19,WD1
19FEW11924-111301-6,12,11/02/19,WD1
19FEW11924-111301-8,22,11/02/19,WD1
19FEW11925-211146-10,4,11/02/19,WD1
19FEW11925-211146-12,15,11/02/19,WD1
19FEW11925-211146-14,19,11/02/19,WD1
19FEW11925-211146-16,8,11/02/19,WD1
19FEW11925-211146-18,18,11/02/19,WD1
19FEW11925-211146-6,19,11/02/19,WD1
19FEW11925-211146-8,44,11/02/19,WD1
19FEW11926-111284-10,1,11/02/19,WD1
19FEW11926-111284-12,21,11/02/19,WD1
19FEW11926-111284-14,6,11/02/19,WD1
19FEW11926-111284-16,14,11/02/19,WD1
19FEW11926-111284-18,12,11/02/19,WD1
19FEW11926-111284-6,12,11/02/19,WD1
19FEW11926-111284-8,22,11/02/19,WD1
19FEW11927-111298-10,26,11/02/19,WD1
19FEW11927-111298-12,21,11/02/19,WD1
19FEW11927-111298-14,15,11/02/19,WD1
19FEW11927-111298-16,14,11/02/19,WD1
19FEW11927-111298-18,12,11/02/19,WD1
19FEW11927-111298-6,11,11/02/19,WD1
19FEW11927-111298-8,9,11/02/19,WD1
19FEW11930-211461-10,13,11/02/19,WD1
19FEW11930-211461-12,12,11/02/19,WD1
19FEW11930-211461-14,3,11/02/19,WD1
19FEW11930-211461-16,20,11/02/19,WD1
19FEW11930-211461-18,1,11/02/19,WD1
19FEW11930-211461-6,17,11/02/19,WD1
19FEW11930-211461-8,19,11/02/19,WD1
19FEW11936-111288-10,38,11/02/19,WD1
19FEW11936-111288-12,24,11/02/19,WD1
19FEW11936-111288-14,6,11/02/19,WD1
19FEW11936-111288-16,20,11/02/19,WD1
19FEW11936-111288-18,16,11/02/19,WD1
19FEW11936-111288-6,17,11/02/19,WD1
19FEW11936-111288-8,42,11/02/19,WD1
19FEW11945-111253-10,28,11/02/19,WD1
19FEW11945-111253-12,43,11/02/19,WD1
19FEW11945-111253-14,7,11/02/19,WD1
19FEW11945-111253-16,28,11/02/19,WD1
19FEW11945-111253-18,1,11/02/19,WD1
19FEW11945-111253-6,19,11/02/19,WD1
19FEW11945-111253-8,43,11/02/19,WD1
19FEW11946-111225-10,9,11/02/19,WD1
19FEW11946-111225-12,33,11/02/19,WD1
19FEW11946-111225-14,23,11/02/19,WD1
19FEW11946-111225-16,43,11/02/19,WD1
19FEW11946-111225-18,17,11/02/19,WD1
19FEW11946-111225-6,27,11/02/19,WD1
19FEW11946-111225-8,5,11/02/19,WD1
19FEW11948-111463-10,6,11/02/19,WD1
19FEW11948-111463-12,25,11/02/19,WD1
19FEW11948-111463-14,21,11/02/19,WD1
19FEW11948-111463-16,13,11/02/19,WD1
19FEW11948-111463-18,10,11/02/19,WD1
19FEW11948-111463-6,11,11/02/19,WD1
19FEW11948-111463-8,24,11/02/19,WD1
19FEW11949-111228-10,30,11/02/19,WD1
19FEW11949-111228-12,2,11/02/19,WD1
19FEW11949-111228-14,21,11/02/19,WD1
19FEW11949-111228-16,13,11/02/19,WD1
19FEW11949-111228-18,11,11/02/19,WD1
19FEW11949-111228-6,7,11/02/19,WD1
19FEW11949-111228-8,3,11/02/19,WD1
19FEW11950-111234-10,7,11/02/19,WD1
19FEW11950-111234-12,25,11/02/19,WD1
19FEW11950-111234-14,21,11/02/19,WD1
19FEW11950-111234-16,13,11/02/19,WD1
19FEW11950-111234-18,11,11/02/19,WD1
19FEW11950-111234-6,11,11/02/19,WD1
19FEW11950-111234-8,24,11/02/19,WD1
19FEW11951-111231-10,3,11/02/19,WD1
19FEW11951-111231-12,15,11/02/19,WD1
19FEW11951-111231-14,4,11/02/19,WD1
19FEW11951-111231-16,14,11/02/19,WD1
19FEW11951-111231-18,12,11/02/19,WD1
19FEW11951-111231-6,12,11/02/19,WD1
19FEW11951-111231-8,22,11/02/19,WD1
19FEW11953-211452-10,49,11/02/19,WD1
19FEW11953-211452-12,32,11/02/19,WD1
19FEW11953-211452-14,2,11/02/19,WD1
19FEW11953-211452-16,28,11/02/19,WD1
19FEW11953-211452-18,17,11/02/19,WD1
19FEW11953-211452-6,19,11/02/19,WD1
19FEW11953-211452-8,32,11/02/19,WD1
19FEW11954-111223-10,32,11/02/19,WD1
19FEW11954-111223-12,44,11/02/19,WD1
19FEW11954-111223-14,44,11/02/19,WD1
19FEW11954-111223-16,6,11/02/19,WD1
19FEW11954-111223-18,19,11/02/19,WD1
19FEW11954-111223-6,20,11/02/19,WD1
19FEW11954-111223-8,15,11/02/19,WD1
19FEW11955-111249-10,29,11/02/19,WD1
19FEW11955-111249-12,15,11/02/19,WD1
19FEW11955-111249-14,5,11/02/19,WD1
19FEW11955-111249-16,28,11/02/19,WD1
19FEW11955-111249-18,18,11/02/19,WD1
19FEW11955-111249-6,19,11/02/19,WD1
19FEW11955-111249-8,44,11/02/19,WD1
19FEW11955-111250-10,16,11/02/19,WD1
19FEW11955-111250-12,15,11/02/19,WD1
19FEW11955-111250-14,15,11/02/19,WD1
19FEW11955-111250-16,28,11/02/19,WD1
19FEW11955-111250-18,18,11/02/19,WD1
19FEW11955-111250-6,8,11/02/19,WD1
19FEW11955-111250-8,24,11/02/19,WD1
19FEW11956-211127-10,30,11/02/19,WD1
19FEW11956-211127-12,28,11/02/19,WD1
19FEW11956-211127-14,30,11/02/19,WD1
19FEW11956-211127-16,43,11/02/19,WD1
19FEW11956-211127-18,27,11/02/19,WD1
19FEW11956-211127-6,5,11/02/19,WD1
19FEW11956-211127-8,42,11/02/19,WD1
19FEW11958-111232-10,25,11/02/19,WD1
19FEW11958-111232-12,25,11/02/19,WD1
19FEW11958-111232-14,19,11/02/19,WD1
19FEW11958-111232-16,13,11/02/19,WD1
19FEW11958-111232-18,11,11/02/19,WD1
19FEW11958-111232-6,11,11/02/19,WD1
19FEW11958-111232-8,24,11/02/19,WD1
19FEW11959-111888-10,26,11/02/19,WD1
19FEW11959-111888-12,14,11/02/19,WD1
19FEW11959-111888-14,11,11/02/19,WD1
19FEW11959-111888-16,14,11/02/19,WD1
19FEW11959-111888-18,12,11/02/19,WD1
19FEW11959-111888-6,8,11/02/19,WD1
19FEW11959-111888-8,9,11/02/19,WD1
19FEW11961-111241-10,30,11/02/19,WD1
19FEW11961-111241-12,25,11/02/19,WD1
19FEW11961-111241-14,21,11/02/19,WD1
19FEW11961-111241-16,13,11/02/19,WD1
19FEW11961-111241-18,11,11/02/19,WD1
19FEW11961-111241-6,11,11/02/19,WD1
19FEW11961-111241-8,24,11/02/19,WD1
19FEW11962-111238-10,8,11/02/19,WD1
19FEW11962-111238-12,29,11/02/19,WD1
19FEW11962-111238-14,35,11/02/19,WD1
19FEW11962-111238-16,28,11/02/19,WD1
19FEW11962-111238-18,7,11/02/19,WD1
19FEW11962-111238-6,19,11/02/19,WD1
19FEW11962-111238-8,5,11/02/19,WD1
19FEW11963-111227-10,15,11/02/19,WD1
19FEW11963-111227-12,21,11/02/19,WD1
19FEW11963-111227-14,15,11/02/19,WD1
19FEW11963-111227-16,14,11/02/19,WD1
19FEW11963-111227-18,12,11/02/19,WD1
19FEW11963-111227-6,12,11/02/19,WD1
19FEW11963-111227-8,22,11/02/19,WD1
19FEW11964-111235-10,8,11/02/19,WD1
19FEW11964-111235-12,21,11/02/19,WD1
19FEW11964-111235-14,11,11/02/19,WD1
19FEW11964-111235-16,14,11/02/19,WD1
19FEW11964-111235-18,11,11/02/19,WD1
19FEW11964-111235-6,12,11/02/19,WD1
19FEW11964-111235-8,3,11/02/19,WD1
19FEW11965-211121-10,11,11/02/19,WD1
19FEW11965-211121-12,17,11/02/19,WD1
19FEW11965-211121-14,45,11/02/19,WD1
19FEW11965-211121-16,30,11/02/19,WD1
19FEW11965-211121-18,25,11/02/19,WD1
19FEW11965-211121-6,19,11/02/19,WD1
19FEW11965-211121-8,22,11/02/19,WD1
19FEW11966-211459-10,30,11/02/19,WD1
19FEW11966-211459-12,25,11/02/19,WD1
19FEW11966-211459-14,21,11/02/19,WD1
19FEW11966-211459-16,7,11/02/19,WD1
19FEW11966-211459-18,11,11/02/19,WD1
19FEW11966-211459-6,11,11/02/19,WD1
19FEW11966-211459-8,21,11/02/19,WD1
19FEW11967-211460-10,26,11/02/19,WD1
19FEW11967-211460-12,21,11/02/19,WD1
19FEW11967-211460-14,15,11/02/19,WD1
19FEW11967-211460-16,14,11/02/19,WD1
19FEW11967-211460-18,12,11/02/19,WD1
19FEW11967-211460-6,12,11/02/19,WD1
19FEW11967-211460-8,22,11/02/19,WD1
19FEW11968-111230-10,26,11/02/19,WD1
19FEW11968-111230-12,21,11/02/19,WD1
19FEW11968-111230-14,15,11/02/19,WD1
19FEW11968-111230-16,7,11/02/19,WD1
19FEW11968-111230-18,12,11/02/19,WD1
19FEW11968-111230-6,12,11/02/19,WD1
19FEW11968-111230-8,2,11/02/19,WD1
19FEW11969-111233-10,39,11/02/19,WD1
19FEW11969-111233-12,22,11/02/19,WD1
19FEW11969-111233-14,15,11/02/19,WD1
19FEW11969-111233-16,18,11/02/19,WD1
19FEW11969-111233-18,25,11/02/19,WD1
19FEW11969-111233-6,20,11/02/19,WD1
19FEW11969-111233-8,10,11/02/19,WD1
19FEW11970-111254-10,15,11/02/19,WD1
19FEW11970-111254-12,25,11/02/19,WD1
19FEW11970-111254-14,23,11/02/19,WD1
19FEW11970-111254-16,28,11/02/19,WD1
19FEW11970-111254-18,14,11/02/19,WD1
19FEW11970-111254-6,19,11/02/19,WD1
19FEW11970-111254-8,20,11/02/19,WD1
19FEW11972-111500-10,6,11/02/19,WD1
19FEW11972-111500-12,21,11/02/19,WD1
19FEW11972-111500-14,15,11/02/19,WD1
19FEW11972-111500-16,14,11/02/19,WD1
19FEW11972-111500-18,12,11/02/19,WD1
19FEW11972-111500-6,12,11/02/19,WD1
19FEW11972-111500-8,17,11/02/19,WD1
19FEW11973-111499-10,43,11/02/19,WD1
19FEW11973-111499-12,38,11/02/19,WD1
19FEW11973-111499-14,21,11/02/19,WD1
19FEW11973-111499-16,25,11/02/19,WD1
19FEW11973-111499-18,15,11/02/19,WD1
19FEW11973-111499-6,16,11/02/19,WD1
19FEW11973-111499-8,39,11/02/19,WD1
19FEW11974-111240-10,49,11/02/19,WD1
19FEW11974-111240-12,37,11/02/19,WD1
19FEW11974-111240-14,28,11/02/19,WD1
19FEW11974-111240-16,21,11/02/19,WD1
19FEW11974-111240-18,18,11/02/19,WD1
19FEW11974-111240-6,19,11/02/19,WD1
19FEW11974-111240-8,25,11/02/19,WD1
19FEW11975-211643-10,26,11/02/19,WD1
19FEW11975-211643-12,21,11/02/19,WD1
19FEW11975-211643-14,15,11/02/19,WD1
19FEW11975-211643-16,3,11/02/19,WD1
19FEW11975-211643-18,12,11/02/19,WD1
19FEW11975-211643-6,12,11/02/19,WD1
19FEW11975-211643-8,22,11/02/19,WD1
19FEW11976-111246-10,58,11/02/19,WD1
19FEW11976-111246-12,45,11/02/19,WD1
19FEW11976-111246-14,1,11/02/19,WD1
19FEW11976-111246-16,30,11/02/19,WD1
19FEW11976-111246-18,2,11/02/19,WD1
19FEW11976-111246-6,20,11/02/19,WD1
19FEW11976-111246-8,50,11/02/19,WD1
19FEW12034-P111608-10,53,11/02/19,WD1
19FEW12034-P111608-12,3,11/02/19,WD1
19FEW12034-P111608-14,45,11/02/19,WD1
19FEW12034-P111608-16,30,11/02/19,WD1
19FEW12034-P111608-18,16,11/02/19,WD1
19FEW12034-P111608-6,20,11/02/19,WD1
19FEW12034-P111608-8,1,11/02/19,WD1
19FEW12035-P111609-10,3,11/02/19,WD1
19FEW12035-P111609-12,21,11/02/19,WD1
19FEW12035-P111609-14,14,11/02/19,WD1
19FEW12035-P111609-16,38,11/02/19,WD1
19FEW12035-P111609-18,13,11/02/19,WD1
19FEW12035-P111609-6,22,11/02/19,WD1
19FEW12035-P111609-8,3,11/02/19,WD1
19FEW12036-211417-10,17,11/02/19,WD1
19FEW12036-211417-12,47,11/02/19,WD1
19FEW12036-211417-14,42,11/02/19,WD1
19FEW12036-211417-16,21,11/02/19,WD1
19FEW12036-211417-18,19,11/02/19,WD1
19FEW12036-211417-6,9,11/02/19,WD1
19FEW12036-211417-8,19,11/02/19,WD1
19FEW12037-111573-10,7,11/02/19,WD1
19FEW12037-111573-12,33,11/02/19,WD1
19FEW12037-111573-14,5,11/02/19,WD1
19FEW12037-111573-16,15,11/02/19,WD1
19FEW12037-111573-18,27,11/02/19,WD1
19FEW12037-111573-6,27,11/02/19,WD1
19FEW12037-111573-8,22,11/02/19,WD1
19FEW12037-111611-10,47,11/02/19,WD1
19FEW12037-111611-12,8,11/02/19,WD1
19FEW12037-111611-14,13,11/02/19,WD1
19FEW12037-111611-16,5,11/02/19,WD1
19FEW12037-111611-18,27,11/02/19,WD1
19FEW12037-111611-6,27,11/02/19,WD1
19FEW12037-111611-8,19,11/02/19,WD1
19FEW12039-P111610-10,37,11/02/19,WD1
19FEW12039-P111610-12,41,11/02/19,WD1
19FEW12039-P111610-14,29,11/02/19,WD1
19FEW12039-P111610-16,26,11/02/19,WD1
19FEW12039-P111610-18,25,11/02/19,WD1
19FEW12039-P111610-6,14,11/02/19,WD1
19FEW12039-P111610-8,36,11/02/19,WD1
19FEW12040-P111619-10,42,11/02/19,WD1
19FEW12040-P111619-12,44,11/02/19,WD1
19FEW12040-P111619-14,16,11/02/19,WD1
19FEW12040-P111619-16,15,11/02/19,WD1
19FEW12040-P111619-18,18,11/02/19,WD1
19FEW12040-P111619-6,19,11/02/19,WD1
19FEW12040-P111619-8,33,11/02/19,WD1
19FEW12041-111614-10,26,11/02/19,WD1
19FEW12041-111614-12,17,11/02/19,WD1
19FEW12041-111614-14,15,11/02/19,WD1
19FEW12041-111614-16,9,11/02/19,WD1
19FEW12041-111614-18,12,11/02/19,WD1
19FEW12041-111614-6,12,11/02/19,WD1
19FEW12041-111614-8,22,11/02/19,WD1
19FEW12042-111621-10,23,11/02/19,WD1
19FEW12042-111621-12,20,11/02/19,WD1
19FEW12042-111621-14,15,11/02/19,WD1
19FEW12042-111621-16,14,11/02/19,WD1
19FEW12042-111621-18,11,11/02/19,WD1
19FEW12042-111621-6,12,11/02/19,WD1
19FEW12042-111621-8,22,11/02/19,WD1
19FEW12043-111618-10,2,11/02/19,WD1
19FEW12043-111618-12,14,11/02/19,WD1
19FEW12043-111618-14,12,11/02/19,WD1
19FEW12043-111618-16,9,11/02/19,WD1
19FEW12043-111618-18,12,11/02/19,WD1
19FEW12043-111618-6,12,11/02/19,WD1
19FEW12043-111618-8,19,11/02/19,WD1
19FEW12044-P111615-10,41,11/02/19,WD1
19FEW12044-P111615-12,44,11/02/19,WD1
19FEW12044-P111615-14,45,11/02/19,WD1
19FEW12044-P111615-16,8,11/02/19,WD1
19FEW12044-P111615-18,4,11/02/19,WD1
19FEW12044-P111615-6,9,11/02/19,WD1
19FEW12044-P111615-8,22,11/02/19,WD1
19FEW12045-P111617-10,33,11/02/19,WD1
19FEW12045-P111617-12,3,11/02/19,WD1
19FEW12045-P111617-14,52,11/02/19,WD1
19FEW12045-P111617-16,43,11/02/19,WD1
19FEW12045-P111617-18,27,11/02/19,WD1
19FEW12045-P111617-6,3,11/02/19,WD1
19FEW12045-P111617-8,31,11/02/19,WD1
19FEW12047-P111616-10,22,11/02/19,WD1
19FEW12047-P111616-12,33,11/02/19,WD1
19FEW12047-P111616-14,21,11/02/19,WD1
19FEW12047-P111616-16,22,11/02/19,WD1
19FEW12047-P111616-18,21,11/02/19,WD1
19FEW12047-P111616-6,1,11/02/19,WD1
19FEW12047-P111616-8,1,11/02/19,WD1
19FEW12049-211436-10,26,11/02/19,WD1
19FEW12049-211436-12,14,11/02/19,WD1
19FEW12049-211436-14,15,11/02/19,WD1
19FEW12049-211436-16,14,11/02/19,WD1
19FEW12049-211436-18,12,11/02/19,WD1
19FEW12049-211436-6,12,11/02/19,WD1
19FEW12049-211436-8,22,11/02/19,WD1
19FEW12050-P111620-10,9,11/02/19,WD1
19FEW12050-P111620-12,25,11/02/19,WD1
19FEW12050-P111620-14,21,11/02/19,WD1
19FEW12050-P111620-16,3,11/02/19,WD1
19FEW12050-P111620-18,11,11/02/19,WD1
19FEW12050-P111620-6,7,11/02/19,WD1
19FEW12050-P111620-8,24,11/02/19,WD1
19FEW12052-111622-10,8,11/02/19,WD1
19FEW12052-111622-12,11,11/02/19,WD1
19FEW12052-111622-14,4,11/02/19,WD1
19FEW12052-111622-16,14,11/02/19,WD1
19FEW12052-111622-18,12,11/02/19,WD1
19FEW12052-111622-6,7,11/02/19,WD1
19FEW12052-111622-8,20,11/02/19,WD1
19FEW12054-111624-10,16,11/02/19,WD1
19FEW12054-111624-12,37,11/02/19,WD1
19FEW12054-111624-14,29,11/02/19,WD1
19FEW12054-111624-16,43,11/02/19,WD1
19FEW12054-111624-18,27,11/02/19,WD1
19FEW12054-111624-6,27,11/02/19,WD1
19FEW12054-111624-8,60,11/02/19,WD1
19FEW12059-210808-10,11,11/02/19,WD1
19FEW12059-210808-12,12,11/02/19,WD1
19FEW12059-210808-14,15,11/02/19,WD1
19FEW12059-210808-16,14,11/02/19,WD1
19FEW12059-210808-18,11,11/02/19,WD1
19FEW12059-210808-6,12,11/02/19,WD1
19FEW12059-210808-8,17,11/02/19,WD1
19FEW12060-110831-10,34,11/02/19,WD1
19FEW12060-110831-12,2,11/02/19,WD1
19FEW12060-110831-14,6,11/02/19,WD1
19FEW12060-110831-16,17,11/02/19,WD1
19FEW12060-110831-18,13,11/02/19,WD1
19FEW12060-110831-6,14,11/02/19,WD1
19FEW12060-110831-8,30,11/02/19,WD1
19FEW12061-110882-10,22,11/02/19,WD1
19FEW12061-110882-12,44,11/02/19,WD1
19FEW12061-110882-14,22,11/02/19,WD1
19FEW12061-110882-16,12,11/02/19,WD1
19FEW12061-110882-18,16,11/02/19,WD1
19FEW12061-110882-6,11,11/02/19,WD1
19FEW12061-110882-8,24,11/02/19,WD1
19FEW12062-111525-10,48,11/02/19,WD1
19FEW12062-111525-12,13,11/02/19,WD1
19FEW12062-111525-14,34,11/02/19,WD1
19FEW12062-111525-16,17,11/02/19,WD1
19FEW12062-111525-18,18,11/02/19,WD1
19FEW12062-111525-6,19,11/02/19,WD1
19FEW12062-111525-8,25,11/02/19,WD1
19FEW12064-110878-10,41,11/02/19,WD1
19FEW12064-110878-12,36,11/02/19,WD1
19FEW12064-110878-14,2,11/02/19,WD1
19FEW12064-110878-16,24,11/02/19,WD1
19FEW12064-110878-18,14,11/02/19,WD1
19FEW12064-110878-6,15,11/02/19,WD1
19FEW12064-110878-8,20,11/02/19,WD1
19FEW12065-111263-10,35,11/02/19,WD1
19FEW12065-111263-12,36,11/02/19,WD1
19FEW12065-111263-14,1,11/02/19,WD1
19FEW12065-111263-16,24,11/02/19,WD1
19FEW12065-111263-18,12,11/02/19,WD1
19FEW12065-111263-6,15,11/02/19,WD1
19FEW12065-111263-8,36,11/02/19,WD1
19FEW12066-111100-10,38,11/02/19,WD1
19FEW12066-111100-12,19,11/02/19,WD1
19FEW12066-111100-14,27,11/02/19,WD1
19FEW12066-111100-16,19,11/02/19,WD1
19FEW12066-111100-18,14,11/02/19,WD1
19FEW12066-111100-6,15,11/02/19,WD1
19FEW12066-111100-8,7,11/02/19,WD1
19FEW12067-111099-10,30,11/02/19,WD1
19FEW12067-111099-12,25,11/02/19,WD1
19FEW12067-111099-14,21,11/02/19,WD1
19FEW12067-111099-16,13,11/02/19,WD1
19FEW12067-111099-18,11,11/02/19,WD1
19FEW12067-111099-6,11,11/02/19,WD1
19FEW12067-111099-8,24,11/02/19,WD1
19FEW12069-110828-10,28,11/02/19,WD1
19FEW12069-110828-12,41,11/02/19,WD1
19FEW12069-110828-14,36,11/02/19,WD1
19FEW12069-110828-16,29,11/02/19,WD1
19FEW12069-110828-18,19,11/02/19,WD1
19FEW12069-110828-6,19,11/02/19,WD1
19FEW12069-110828-8,48,11/02/19,WD1
19FEW12070-110848-10,25,11/02/19,WD1
19FEW12070-110848-12,25,11/02/19,WD1
19FEW12070-110848-14,21,11/02/19,WD1
19FEW12070-110848-16,13,11/02/19,WD1
19FEW12070-110848-18,11,11/02/19,WD1
19FEW12070-110848-6,4,11/02/19,WD1
19FEW12070-110848-8,17,11/02/19,WD1
19FEW12071-211650-10,16,11/02/19,WD1
19FEW12071-211650-12,21,11/02/19,WD1
19FEW12071-211650-14,15,11/02/19,WD1
19FEW12071-211650-16,13,11/02/19,WD1
19FEW12071-211650-18,12,11/02/19,WD1
19FEW12071-211650-6,12,11/02/19,WD1
19FEW12071-211650-8,22,11/02/19,WD1
19FEW12108-111577-10,18,11/02/19,WD1
19FEW12108-111577-12,6,11/02/19,WD1
19FEW12108-111577-14,21,11/02/19,WD1
19FEW12108-111577-16,13,11/02/19,WD1
19FEW12108-111577-18,11,11/02/19,WD1
19FEW12108-111577-6,11,11/02/19,WD1
19FEW12108-111577-8,24,11/02/19,WD1
19FEW12109-111566-10,9,11/02/19,WD1
19FEW12109-111566-12,21,11/02/19,WD1
19FEW12109-111566-14,11,11/02/19,WD1
19FEW12109-111566-16,14,11/02/19,WD1
19FEW12109-111566-18,12,11/02/19,WD1
19FEW12109-111566-6,12,11/02/19,WD1
19FEW12109-111566-8,21,11/02/19,WD1
19FEW12110-111472-10,16,11/02/19,WD1
19FEW12110-111472-12,4,11/02/19,WD1
19FEW12110-111472-14,21,11/02/19,WD1
19FEW12110-111472-16,13,11/02/19,WD1
19FEW12110-111472-18,1,11/02/19,WD1
19FEW12110-111472-6,6,11/02/19,WD1
19FEW12110-111472-8,24,11/02/19,WD1
19FEW12111-111576-10,26,11/02/19,WD1
19FEW12111-111576-12,21,11/02/19,WD1
19FEW12111-111576-14,15,11/02/19,WD1
19FEW12111-111576-16,4,11/02/19,WD1
19FEW12111-111576-18,12,11/02/19,WD1
19FEW12111-111576-6,12,11/02/19,WD1
19FEW12111-111576-8,17,11/02/19,WD1
19FEW12113-111579-10,24,11/02/19,WD1
19FEW12113-111579-12,21,11/02/19,WD1
19FEW12113-111579-14,3,11/02/19,WD1
19FEW12113-111579-16,14,11/02/19,WD1
19FEW12113-111579-18,12,11/02/19,WD1
19FEW12113-111579-6,12,11/02/19,WD1
19FEW12113-111579-8,13,11/02/19,WD1
19FEW12114-111606-10,14,11/02/19,WD1
19FEW12114-111606-12,21,11/02/19,WD1
19FEW12114-111606-14,15,11/02/19,WD1
19FEW12114-111606-16,14,11/02/19,WD1
19FEW12114-111606-18,12,11/02/19,WD1
19FEW12114-111606-6,12,11/02/19,WD1
19FEW12114-111606-8,10,11/02/19,WD1
19FEW12115-111602-10,26,11/02/19,WD1
19FEW12115-111602-12,8,11/02/19,WD1
19FEW12115-111602-14,15,11/02/19,WD1
19FEW12115-111602-16,11,11/02/19,WD1
19FEW12115-111602-18,12,11/02/19,WD1
19FEW12115-111602-6,9,11/02/19,WD1
19FEW12115-111602-8,22,11/02/19,WD1
19FEW12117-111603-10,26,11/02/19,WD1
19FEW12117-111603-12,21,11/02/19,WD1
19FEW12117-111603-14,15,11/02/19,WD1
19FEW12117-111603-16,14,11/02/19,WD1
19FEW12117-111603-18,12,11/02/19,WD1
19FEW12117-111603-6,12,11/02/19,WD1
19FEW12117-111603-8,4,11/02/19,WD1
19FEW12143-211282-10,14,11/02/19,WD1
19FEW12143-211282-12,10,11/02/19,WD1
19FEW12143-211282-14,10,11/02/19,WD1
19FEW12143-211282-16,9,11/02/19,WD1
19FEW12143-211282-18,6,11/02/19,WD1
19FEW12143-211282-6,6,11/02/19,WD1
19FEW12143-211282-8,10,11/02/19,WD1
19FEW12143-211283-10,15,11/02/19,WD1
19FEW12143-211283-12,10,11/02/19,WD1
19FEW12143-211283-14,9,11/02/19,WD1
19FEW12143-211283-16,8,11/02/19,WD1
19FEW12143-211283-18,6,11/02/19,WD1
19FEW12143-211283-6,6,11/02/19,WD1
19FEW12143-211283-8,10,11/02/19,WD1
19FEW12143-211284-10,14,11/02/19,WD1
19FEW12143-211284-12,10,11/02/19,WD1
19FEW12143-211284-14,9,11/02/19,WD1
19FEW12143-211284-16,8,11/02/19,WD1
19FEW12143-211284-18,6,11/02/19,WD1
19FEW12143-211284-6,6,11/02/19,WD1
19FEW12143-211284-8,9,11/02/19,WD1
19FEW12143-211540-10,13,11/02/19,WD1
19FEW12143-211540-12,9,11/02/19,WD1
19FEW12143-211540-14,9,11/02/19,WD1
19FEW12143-211540-16,6,11/02/19,WD1
19FEW12143-211540-18,6,11/02/19,WD1
19FEW12143-211540-6,6,11/02/19,WD1
19FEW12143-211540-8,9,11/02/19,WD1
19FEW12155-111069-10,21,11/02/19,WD1
19FEW12155-111069-12,9,11/02/19,WD1
19FEW12155-111069-14,15,11/02/19,WD1
19FEW12155-111069-16,14,11/02/19,WD1
19FEW12155-111069-18,12,11/02/19,WD1
19FEW12155-111069-6,12,11/02/19,WD1
19FEW12155-111069-8,22,11/02/19,WD1
19FEW12156-111502-10,11,11/02/19,WD1
19FEW12156-111502-12,18,11/02/19,WD1
19FEW12156-111502-14,15,11/02/19,WD1
19FEW12156-111502-16,1,11/02/19,WD1
19FEW12156-111502-18,12,11/02/19,WD1
19FEW12156-111502-6,12,11/02/19,WD1
19FEW12156-111502-8,22,11/02/19,WD1
19FEW12157-111252-10,26,11/02/19,WD1
19FEW12157-111252-12,21,11/02/19,WD1
19FEW12157-111252-14,15,11/02/19,WD1
19FEW12157-111252-16,14,11/02/19,WD1
19FEW12157-111252-18,12,11/02/19,WD1
19FEW12157-111252-6,12,11/02/19,WD1
19FEW12157-111252-8,22,11/02/19,WD1
19FEW12158-210774-10,17,11/02/19,WD1
19FEW12158-210774-12,2,11/02/19,WD1
19FEW12158-210774-14,25,11/02/19,WD1
19FEW12158-210774-16,28,11/02/19,WD1
19FEW12158-210774-18,4,11/02/19,WD1
19FEW12158-210774-6,19,11/02/19,WD1
19FEW12158-210774-8,32,11/02/19,WD1
19FEW12160-111486-10,8,11/02/19,WD1
19FEW12160-111486-12,32,11/02/19,WD1
19FEW12160-111486-14,24,11/02/19,WD1
19FEW12160-111486-16,22,11/02/19,WD1
19FEW12160-111486-18,12,11/02/19,WD1
19FEW12160-111486-6,10,11/02/19,WD1
19FEW12160-111486-8,33,11/02/19,WD1
19FEW12161-111607-10,15,11/02/19,WD1
19FEW12161-111607-12,21,11/02/19,WD1
19FEW12161-111607-14,15,11/02/19,WD1
19FEW12161-111607-16,14,11/02/19,WD1
19FEW12161-111607-18,12,11/02/19,WD1
19FEW12161-111607-6,12,11/02/19,WD1
19FEW12161-111607-8,7,11/02/19,WD1
19FEW12162-211473-10,21,11/02/19,WD1
19FEW12162-211473-12,19,11/02/19,WD1
19FEW12162-211473-14,4,11/02/19,WD1
19FEW12162-211473-16,22,11/02/19,WD1
19FEW12162-211473-18,7,11/02/19,WD1
19FEW12162-211473-6,13,11/02/19,WD1
19FEW12162-211473-8,29,11/02/19,WD1
19FEW12163-211471-10,30,11/02/19,WD1
19FEW12163-211471-12,25,11/02/19,WD1
19FEW12163-211471-14,21,11/02/19,WD1
19FEW12163-211471-16,13,11/02/19,WD1
19FEW12163-211471-18,11,11/02/19,WD1
19FEW12163-211471-6,11,11/02/19,WD1
19FEW12163-211471-8,24,11/02/19,WD1
19FEW12163-211472-10,30,11/02/19,WD1
19FEW12163-211472-12,25,11/02/19,WD1
19FEW12163-211472-14,6,11/02/19,WD1
19FEW12163-211472-16,13,11/02/19,WD1
19FEW12163-211472-18,11,11/02/19,WD1
19FEW12163-211472-6,11,11/02/19,WD1
19FEW12163-211472-8,24,11/02/19,WD1
19FEW12165-111492-10,1,11/02/19,WD1
19FEW12165-111492-12,43,11/02/19,WD1
19FEW12165-111492-14,28,11/02/19,WD1
19FEW12165-111492-16,9,11/02/19,WD1
19FEW12165-111492-18,18,11/02/19,WD1
19FEW12165-111492-6,2,11/02/19,WD1
19FEW12165-111492-8,31,11/02/19,WD1
19FEW12195-111200-10,5,11/02/19,WD1
19FEW12195-111200-12,25,11/02/19,WD1
19FEW12195-111200-14,21,11/02/19,WD1
19FEW12195-111200-16,13,11/02/19,WD1
19FEW12195-111200-18,11,11/02/19,WD1
19FEW12195-111200-6,6,11/02/19,WD1
19FEW12195-111200-8,22,11/02/19,WD1
19FEW17801-51435-10,25,11/02/19,WD1
19FEW17801-51435-12,50,11/02/19,WD1
19FEW17801-51435-14,52,11/02/19,WD1
19FEW17801-51435-16,38,11/02/19,WD1
19FEW17801-51435-18,11,11/02/19,WD1
19FEW17801-51435-6,28,11/02/19,WD1
19FEW17801-51435-8,7,11/02/19,WD1
19FEW17802-51427-10,9,11/02/19,WD1
19FEW17802-51427-12,22,11/02/19,WD1
19FEW17802-51427-14,29,11/02/19,WD1
19FEW17802-51427-16,17,11/02/19,WD1
19FEW17802-51427-18,21,11/02/19,WD1
19FEW17802-51427-6,22,11/02/19,WD1
19FEW17802-51427-8,5,11/02/19,WD1
19FEW17803-51426-10,27,11/02/19,WD1
19FEW17803-51426-12,22,11/02/19,WD1
19FEW17803-51426-14,10,11/02/19,WD1
19FEW17803-51426-16,16,11/02/19,WD1
19FEW17803-51426-18,12,11/02/19,WD1
19FEW17803-51426-6,12,11/02/19,WD1
19FEW17803-51426-8,22,11/02/19,WD1
19FEW17807-51458-10,8,11/02/19,WD1
19FEW17807-51458-12,58,11/02/19,WD1
19FEW17807-51458-14,15,11/02/19,WD1
19FEW17807-51458-16,43,11/02/19,WD1
19FEW17807-51458-18,8,11/02/19,WD1
19FEW17807-51458-6,16,11/02/19,WD1
19FEW17807-51458-8,16,11/02/19,WD1
19FEW17810-51422-10,38,11/02/19,WD1
19FEW17810-51422-12,41,11/02/19,WD1
19FEW17810-51422-14,35,11/02/19,WD1
19FEW17810-51422-16,30,11/02/19,WD1
19FEW17810-51422-18,21,11/02/19,WD1
19FEW17810-51422-6,9,11/02/19,WD1
19FEW17810-51422-8,4,11/02/19,WD1
19FEW17818-51432-10,37,11/02/19,WD1
19FEW17818-51432-12,44,11/02/19,WD1
19FEW17818-51432-14,35,11/02/19,WD1
19FEW17818-51432-16,29,11/02/19,WD1
19FEW17818-51432-18,13,11/02/19,WD1
19FEW17818-51432-6,3,11/02/19,WD1
19FEW17818-51432-8,46,11/02/19,WD1
19FEW17821-68928-10,12,11/02/19,WD1
19FEW17821-68928-12,48,11/02/19,WD1
19FEW17821-68928-14,53,11/02/19,WD1
19FEW17821-68928-16,35,11/02/19,WD1
19FEW17821-68928-18,5,11/02/19,WD1
19FEW17821-68928-6,27,11/02/19,WD1
19FEW17821-68928-8,46,11/02/19,WD1
19FEW17822-12174-10,31,11/02/19,WD1
19FEW17822-12174-12,19,11/02/19,WD1
19FEW17822-12174-14,8,11/02/19,WD1
19FEW17822-12174-16,17,11/02/19,WD1
19FEW17822-12174-18,14,11/02/19,WD1
19FEW17822-12174-6,2,11/02/19,WD1
19FEW17822-12174-8,27,11/02/19,WD1
19FEW17824-51425-10,36,11/02/19,WD1
19FEW17824-51425-12,4,11/02/19,WD1
19FEW17824-51425-14,4,11/02/19,WD1
19FEW17824-51425-16,11,11/02/19,WD1
19FEW17824-51425-18,12,11/02/19,WD1
19FEW17824-51425-6,13,11/02/19,WD1
19FEW17824-51425-8,2,11/02/19,WD1
19FEW17928-310526-10,54,11/02/19,WD1
19FEW17928-310526-12,50,11/02/19,WD1
19FEW17928-310526-14,21,11/02/19,WD1
19FEW17928-310526-16,16,11/02/19,WD1
19FEW17928-310526-18,9,11/02/19,WD1
19FEW17928-310526-6,27,11/02/19,WD1
19FEW17928-310526-8,55,11/02/19,WD1
19FEW17928-310527-10,6,11/02/19,WD1
19FEW17928-310527-12,55,11/02/19,WD1
19FEW17928-310527-14,16,11/02/19,WD1
19FEW17928-310527-16,31,11/02/19,WD1
19FEW17928-310527-18,16,11/02/19,WD1
19FEW17928-310527-6,27,11/02/19,WD1
19FEW17928-310527-8,53,11/02/19,WD1
19FEW17928-310528-10,6,11/02/19,WD1
19FEW17928-310528-12,47,11/02/19,WD1
19FEW17928-310528-14,27,11/02/19,WD1
19FEW17928-310528-16,14,11/02/19,WD1
19FEW17928-310528-18,27,11/02/19,WD1
19FEW17928-310528-6,22,11/02/19,WD1
19FEW17928-310528-8,58,11/02/19,WD1
19FEW17928-310529-10,59,11/02/19,WD1
19FEW17928-310529-12,6,11/02/19,WD1
19FEW17928-310529-14,36,11/02/19,WD1
19FEW17928-310529-16,1,11/02/19,WD1
19FEW17928-310529-18,18,11/02/19,WD1
19FEW17928-310529-6,28,11/02/19,WD1
19FEW17928-310529-8,30,11/02/19,WD1
19FEW30206-211474-10,9,11/02/19,WD1
19FEW30206-211474-12,21,11/02/19,WD1
19FEW30206-211474-14,15,11/02/19,WD1
19FEW30206-211474-16,14,11/02/19,WD1
19FEW30206-211474-18,12,11/02/19,WD1
19FEW30206-211474-6,12,11/02/19,WD1
19FEW30206-211474-8,18,11/02/19,WD1
19FEW60151-210719-10,49,11/02/19,WD1
19FEW60151-210719-12,30,11/02/19,WD1
19FEW60151-210719-14,9,11/02/19,WD1
19FEW60151-210719-16,49,11/02/19,WD1
19FEW60151-210719-18,1,11/02/19,WD1
19FEW60151-210719-6,27,11/02/19,WD1
19FEW60151-210719-8,36,11/02/19,WD1
19FEW60151-211257-10,25,11/02/19,WD1
19FEW60151-211257-12,23,11/02/19,WD1
19FEW60151-211257-14,26,11/02/19,WD1
19FEW60151-211257-16,24,11/02/19,WD1
19FEW60151-211257-18,7,11/02/19,WD1
19FEW60151-211257-6,13,11/02/19,WD1
19FEW60151-211257-8,28,11/02/19,WD1
19FEW60151-211277-10,4,11/02/19,WD1
19FEW60151-211277-12,2,11/02/19,WD1
19FEW60151-211277-14,26,11/02/19,WD1
19FEW60151-211277-16,24,11/02/19,WD1
19FEW60151-211277-18,7,11/02/19,WD1
19FEW60151-211277-6,13,11/02/19,WD1
19FEW60151-211277-8,24,11/02/19,WD1
19FEW60151-211279-10,18,11/02/19,WD1
19FEW60151-211279-12,10,11/02/19,WD1
19FEW60151-211279-14,9,11/02/19,WD1
19FEW60151-211279-16,13,11/02/19,WD1
19FEW60151-211279-18,7,11/02/19,WD1
19FEW60151-211279-6,13,11/02/19,WD1
19FEW60151-211279-8,16,11/02/19,WD1
19FEW60151-211282-10,4,11/02/19,WD1
19FEW60151-211282-12,7,11/02/19,WD1
19FEW60151-211282-14,5,11/02/19,WD1
19FEW60151-211282-16,4,11/02/19,WD1
19FEW60151-211282-6,4,11/02/19,WD1
19FEW60151-211282-8,7,11/02/19,WD1
19FEW60151-211340-10,23,11/02/19,WD1
19FEW60151-211340-12,38,11/02/19,WD1
19FEW60151-211340-14,28,11/02/19,WD1
19FEW60151-211340-16,25,11/02/19,WD1
19FEW60151-211340-18,3,11/02/19,WD1
19FEW60151-211340-6,16,11/02/19,WD1
19FEW60151-211340-8,1,11/02/19,WD1
19FEW60151-211341-10,3,11/02/19,WD1
19FEW60151-211341-12,7,11/02/19,WD1
19FEW60151-211341-14,5,11/02/19,WD1
19FEW60151-211341-16,4,11/02/19,WD1
19FEW60151-211341-18,4,11/02/19,WD1
19FEW60151-211341-6,4,11/02/19,WD1
19FEW60151-211341-8,7,11/02/19,WD1
19FEW60151-211388-10,5,11/02/19,WD1
19FEW60151-211388-12,12,11/02/19,WD1
19FEW60151-211388-14,8,11/02/19,WD1
19FEW60151-211388-16,44,11/02/19,WD1
19FEW60151-211388-18,8,11/02/19,WD1
19FEW60151-211388-6,27,11/02/19,WD1
19FEW60151-211388-8,3,11/02/19,WD1
19FEW60151-211499-10,4,11/02/19,WD1
19FEW60151-211499-12,7,11/02/19,WD1
19FEW60151-211499-14,5,11/02/19,WD1
19FEW60151-211499-16,4,11/02/19,WD1
19FEW60151-211499-6,4,11/02/19,WD1
19FEW60151-211499-8,7,11/02/19,WD1
19FEW60151-211507-10,20,11/02/19,WD1
19FEW60151-211507-12,2,11/02/19,WD1
19FEW60151-211507-14,18,11/02/19,WD1
19FEW60151-211507-16,9,11/02/19,WD1
19FEW60151-211507-6,9,11/02/19,WD1
19FEW60151-211507-8,30,11/02/19,WD1
19FEW60151-211528-10,23,11/02/19,WD1
19FEW60151-211528-12,24,11/02/19,WD1
19FEW60151-211528-14,22,11/02/19,WD1
19FEW60151-211528-16,24,11/02/19,WD1
19FEW60151-211528-18,7,11/02/19,WD1
19FEW60151-211528-6,13,11/02/19,WD1
19FEW60151-211528-8,37,11/02/19,WD1
19FEW60151-211529-10,9,11/02/19,WD1
19FEW60151-211529-12,18,11/02/19,WD1
19FEW60151-211529-14,26,11/02/19,WD1
19FEW60151-211529-16,24,11/02/19,WD1
19FEW60151-211529-18,7,11/02/19,WD1
19FEW60151-211529-6,3,11/02/19,WD1
19FEW60151-211529-8,29,11/02/19,WD1
19FEW60151-211539-10,25,11/02/19,WD1
19FEW60151-211539-12,37,11/02/19,WD1
19FEW60151-211539-14,5,11/02/19,WD1
19FEW60151-211539-16,24,11/02/19,WD1
19FEW60151-211539-18,7,11/02/19,WD1
19FEW60151-211539-6,13,11/02/19,WD1
19FEW60151-211539-8,38,11/02/19,WD1
19FEW60151-211554-10,17,11/02/19,WD1
19FEW60151-211554-12,16,11/02/19,WD1
19FEW60151-211554-14,26,11/02/19,WD1
19FEW60151-211554-16,21,11/02/19,WD1
19FEW60151-211554-18,7,11/02/19,WD1
19FEW60151-211554-6,13,11/02/19,WD1
19FEW60151-211554-8,25,11/02/19,WD1
19FEW60151-211556-10,22,11/02/19,WD1
19FEW60151-211556-12,2,11/02/19,WD1
19FEW60151-211556-14,26,11/02/19,WD1
19FEW60151-211556-16,24,11/02/19,WD1
19FEW60151-211556-18,7,11/02/19,WD1
19FEW60151-211556-6,13,11/02/19,WD1
19FEW60151-211556-8,39,11/02/19,WD1
19FEW60151-211558-10,4,11/02/19,WD1
19FEW60151-211558-12,2,11/02/19,WD1
19FEW60151-211558-14,22,11/02/19,WD1
19FEW60151-211558-16,24,11/02/19,WD1
19FEW60151-211558-18,7,11/02/19,WD1
19FEW60151-211558-6,13,11/02/19,WD1
19FEW60151-211558-8,35,11/02/19,WD1
19FEW60151-211562-10,25,11/02/19,WD1
19FEW60151-211562-12,37,11/02/19,WD1
19FEW60151-211562-14,26,11/02/19,WD1
19FEW60151-211562-16,24,11/02/19,WD1
19FEW60151-211562-18,7,11/02/19,WD1
19FEW60151-211562-6,13,11/02/19,WD1
19FEW60151-211562-8,39,11/02/19,WD1
19FEW60151-211563-10,25,11/02/19,WD1
19FEW60151-211563-12,37,11/02/19,WD1
19FEW60151-211563-14,9,11/02/19,WD1
19FEW60151-211563-16,24,11/02/19,WD1
19FEW60151-211563-18,7,11/02/19,WD1
19FEW60151-211563-6,13,11/02/19,WD1
19FEW60151-211563-8,25,11/02/19,WD1
19FEW60234-110806-10,25,11/02/19,WD1
19FEW60234-110806-12,38,11/02/19,WD1
19FEW60234-110806-14,25,11/02/19,WD1
19FEW60234-110806-16,24,11/02/19,WD1
19FEW60234-110806-18,7,11/02/19,WD1
19FEW60234-110806-6,12,11/02/19,WD1
19FEW60234-110806-8,20,11/02/19,WD1
19FEW60234-110945-10,4,11/02/19,WD1
19FEW60234-110945-12,7,11/02/19,WD1
19FEW60234-110945-14,5,11/02/19,WD1
19FEW60234-110945-16,4,11/02/19,WD1
19FEW60234-110945-6,4,11/02/19,WD1
19FEW60234-110945-8,7,11/02/19,WD1
19FEW60234-111562-10,4,11/02/19,WD1
19FEW60234-111562-12,7,11/02/19,WD1
19FEW60234-111562-14,5,11/02/19,WD1
19FEW60234-111562-16,4,11/02/19,WD1
19FEW60234-111562-6,4,11/02/19,WD1
19FEW60234-111562-8,7,11/02/19,WD1
19FEW60234-111563-10,7,11/02/19,WD1
19FEW60234-111563-12,16,11/02/19,WD1
19FEW60234-111563-14,12,11/02/19,WD1
19FEW60234-111563-16,11,11/02/19,WD1
19FEW60234-111563-6,5,11/02/19,WD1
19FEW60234-111563-8,16,11/02/19,WD1
19FEW60234-210719-10,20,11/02/19,WD1
19FEW60234-210719-12,16,11/02/19,WD1
19FEW60234-210719-14,26,11/02/19,WD1
19FEW60234-210719-16,24,11/02/19,WD1
19FEW60234-210719-18,7,11/02/19,WD1
19FEW60234-210719-6,13,11/02/19,WD1
19FEW60234-210719-8,39,11/02/19,WD1
19FEW60234-211257-10,25,11/02/19,WD1
19FEW60234-211257-12,37,11/02/19,WD1
19FEW60234-211257-14,13,11/02/19,WD1
19FEW60234-211257-16,2,11/02/19,WD1
19FEW60234-211257-18,7,11/02/19,WD1
19FEW60234-211257-6,12,11/02/19,WD1
19FEW60234-211257-8,23,11/02/19,WD1
19FEW60234-211277-10,16,11/02/19,WD1
19FEW60234-211277-12,37,11/02/19,WD1
19FEW60234-211277-14,26,11/02/19,WD1
19FEW60234-211277-16,24,11/02/19,WD1
19FEW60234-211277-18,7,11/02/19,WD1
19FEW60234-211277-6,13,11/02/19,WD1
19FEW60234-211277-8,28,11/02/19,WD1
19FEW60234-211279-10,15,11/02/19,WD1
19FEW60234-211279-12,23,11/02/19,WD1
19FEW60234-211279-14,26,11/02/19,WD1
19FEW60234-211279-16,24,11/02/19,WD1
19FEW60234-211279-18,7,11/02/19,WD1
19FEW60234-211279-6,13,11/02/19,WD1
19FEW60234-211279-8,39,11/02/19,WD1
19FEW60234-211282-10,21,11/02/19,WD1
19FEW60234-211282-12,13,11/02/19,WD1
19FEW60234-211282-14,25,11/02/19,WD1
19FEW60234-211282-16,9,11/02/19,WD1
19FEW60234-211282-18,7,11/02/19,WD1
19FEW60234-211282-6,13,11/02/19,WD1
19FEW60234-211282-8,7,11/02/19,WD1
19FEW60234-211283-10,14,11/02/19,WD1
19FEW60234-211283-12,26,11/02/19,WD1
19FEW60234-211283-14,26,11/02/19,WD1
19FEW60234-211283-16,9,11/02/19,WD1
19FEW60234-211283-18,7,11/02/19,WD1
19FEW60234-211283-6,13,11/02/19,WD1
19FEW60234-211283-8,39,11/02/19,WD1
19FEW60234-211284-10,25,11/02/19,WD1
19FEW60234-211284-12,37,11/02/19,WD1
19FEW60234-211284-14,26,11/02/19,WD1
19FEW60234-211284-16,24,11/02/19,WD1
19FEW60234-211284-18,7,11/02/19,WD1
19FEW60234-211284-6,13,11/02/19,WD1
19FEW60234-211284-8,20,11/02/19,WD1
19FEW60234-211314-10,12,11/02/19,WD1
19FEW60234-211314-12,18,11/02/19,WD1
19FEW60234-211314-14,12,11/02/19,WD1
19FEW60234-211314-16,12,11/02/19,WD1
19FEW60234-211314-18,7,11/02/19,WD1
19FEW60234-211314-6,7,11/02/19,WD1
19FEW60234-211314-8,19,11/02/19,WD1
19FEW60234-211528-10,13,11/02/19,WD1
19FEW60234-211528-12,37,11/02/19,WD1
19FEW60234-211528-14,26,11/02/19,WD1
19FEW60234-211528-16,24,11/02/19,WD1
19FEW60234-211528-18,7,11/02/19,WD1
19FEW60234-211528-6,13,11/02/19,WD1
19FEW60234-211528-8,39,11/02/19,WD1
19FEW60234-211529-10,25,11/02/19,WD1
19FEW60234-211529-12,37,11/02/19,WD1
19FEW60234-211529-14,4,11/02/19,WD1
19FEW60234-211529-16,11,11/02/19,WD1
19FEW60234-211529-18,7,11/02/19,WD1
19FEW60234-211529-6,13,11/02/19,WD1
19FEW60234-211529-8,7,11/02/19,WD1
19FEW60234-211539-10,25,11/02/19,WD1
19FEW60234-211539-12,20,11/02/19,WD1
19FEW60234-211539-14,1,11/02/19,WD1
19FEW60234-211539-16,24,11/02/19,WD1
19FEW60234-211539-18,7,11/02/19,WD1
19FEW60234-211539-6,13,11/02/19,WD1
19FEW60234-211539-8,20,11/02/19,WD1
19FEW60234-211540-10,25,11/02/19,WD1
19FEW60234-211540-12,34,11/02/19,WD1
19FEW60234-211540-14,26,11/02/19,WD1
19FEW60234-211540-16,13,11/02/19,WD1
19FEW60234-211540-18,7,11/02/19,WD1
19FEW60234-211540-6,13,11/02/19,WD1
19FEW60234-211540-8,39,11/02/19,WD1
19FEW60234-211544-10,13,11/02/19,WD1
19FEW60234-211544-12,37,11/02/19,WD1
19FEW60234-211544-14,13,11/02/19,WD1
19FEW60234-211544-16,24,11/02/19,WD1
19FEW60234-211544-18,7,11/02/19,WD1
19FEW60234-211544-6,13,11/02/19,WD1
19FEW60234-211544-8,39,11/02/19,WD1
19FEW60234-211554-10,25,11/02/19,WD1
19FEW60234-211554-12,7,11/02/19,WD1
19FEW60234-211554-14,26,11/02/19,WD1
19FEW60234-211554-16,15,11/02/19,WD1
19FEW60234-211554-18,7,11/02/19,WD1
19FEW60234-211554-6,13,11/02/19,WD1
19FEW60234-211554-8,35,11/02/19,WD1
19FEW60234-211556-10,25,11/02/19,WD1
19FEW60234-211556-12,19,11/02/19,WD1
19FEW60234-211556-14,26,11/02/19,WD1
19FEW60234-211556-16,24,11/02/19,WD1
19FEW60234-211556-18,7,11/02/19,WD1
19FEW60234-211556-6,13,11/02/19,WD1
19FEW60234-211556-8,36,11/02/19,WD1
19FEW60234-211558-10,7,11/02/19,WD1
19FEW60234-211558-12,37,11/02/19,WD1
19FEW60234-211558-14,26,11/02/19,WD1
19FEW60234-211558-16,24,11/02/19,WD1
19FEW60234-211558-18,7,11/02/19,WD1
19FEW60234-211558-6,13,11/02/19,WD1
19FEW60234-211558-8,39,11/02/19,WD1
19FEW60234-211562-10,25,11/02/19,WD1
19FEW60234-211562-12,2,11/02/19,WD1
19FEW60234-211562-14,26,11/02/19,WD1
19FEW60234-211562-16,24,11/02/19,WD1
19FEW60234-211562-18,7,11/02/19,WD1
19FEW60234-211562-6,13,11/02/19,WD1
19FEW60234-211562-8,39,11/02/19,WD1
19FEW60234-211563-10,23,11/02/19,WD1
19FEW60234-211563-12,37,11/02/19,WD1
19FEW60234-211563-14,10,11/02/19,WD1
19FEW60234-211563-16,24,11/02/19,WD1
19FEW60234-211563-18,7,11/02/19,WD1
19FEW60234-211563-6,13,11/02/19,WD1
19FEW60234-211563-8,39,11/02/19,WD1
19FEW60234-211627-10,9,11/02/19,WD1
19FEW60234-211627-12,14,11/02/19,WD1
19FEW60234-211627-14,11,11/02/19,WD1
19FEW60234-211627-16,8,11/02/19,WD1
19FEW60234-211627-6,7,11/02/19,WD1
19FEW60234-211627-8,15,11/02/19,WD1
19FEW60271-210723-10,5,11/02/19,WD1
19FEW60271-210723-12,46,11/02/19,WD1
19FEW60271-210723-14,10,11/02/19,WD1
19FEW60271-210723-16,15,11/02/19,WD1
19FEW60271-210723-18,7,11/02/19,WD1
19FEW60271-210723-6,14,11/02/19,WD1
19FEW60271-210723-8,38,11/02/19,WD1
19FEW60275-210715-10,7,11/02/19,WD1
19FEW60275-210715-12,1,11/02/19,WD1
19FEW60275-210715-14,2,11/02/19,WD1
19FEW60275-210715-16,19,11/02/19,WD1
19FEW60275-210715-18,7,11/02/19,WD1
19FEW60275-210715-6,7,11/02/19,WD1
19FEW60275-210715-8,30,11/02/19,WD1
19FEW60281-110851-WG,8,11/02/19,WD1
19FEW60281-110851-WL,12,11/02/19,WD1
19FEW60281-110851-WM,26,11/02/19,WD1
19FEW60281-110851-WS,7,11/02/19,WD1
19FEW60281-111530-WG,36,11/02/19,WD1
19FEW60281-111530-WL,54,11/02/19,WD1
19FEW60281-111530-WM,44,11/02/19,WD1
19FEW60281-111530-WS,55,11/02/19,WD1
19FEW60283-211370-WG,8,11/02/19,WD1
19FEW60283-211370-WL,23,11/02/19,WD1
19FEW60283-211370-WM,56,11/02/19,WD1
19FEW60283-211370-WS,9,11/02/19,WD1
19FEW60286-210403-WG,2,11/02/19,WD1
19FEW60286-210403-WL,12,11/02/19,WD1
19FEW60286-210403-WM,49,11/02/19,WD1
19FEW60286-210403-WS,27,11/02/19,WD1
19FEW60287-210791-WG,6,11/02/19,WD1
19FEW60287-210791-WL,32,11/02/19,WD1
19FEW60287-210791-WM,38,11/02/19,WD1
19FEW60287-210791-WS,29,11/02/19,WD1
19FEW60291-211447-WL,20,11/02/19,WD1
19FEW60291-211447-WM,23,11/02/19,WD1
19FEW60291-211447-WS,26,11/02/19,WD1
19FEW60291-211448-WL,11,11/02/19,WD1
19FEW60291-211448-WM,12,11/02/19,WD1
19FEW60291-211448-WS,10,11/02/19,WD1
19FEW60302-111157-10,9,11/02/19,WD1
19FEW60302-111157-12,14,11/02/19,WD1
19FEW60302-111157-14,11,11/02/19,WD1
19FEW60302-111157-16,10,11/02/19,WD1
19FEW60302-111157-6,7,11/02/19,WD1
19FEW60302-111157-8,15,11/02/19,WD1
19FEW60314-111420-10,15,11/02/19,WD1
19FEW60314-111420-12,21,11/02/19,WD1
19FEW60314-111420-14,5,11/02/19,WD1
19FEW60314-111420-16,6,11/02/19,WD1
19FEW60314-111420-18,7,11/02/19,WD1
19FEW60314-111420-6,8,11/02/19,WD1
19FEW60314-111420-8,12,11/02/19,WD1
19FEW60316-111421-10,34,11/02/19,WD1
19FEW60316-111421-12,17,11/02/19,WD1
19FEW60316-111421-14,35,11/02/19,WD1
19FEW60316-111421-16,33,11/02/19,WD1
19FEW60316-111421-18,9,11/02/19,WD1
19FEW60316-111421-6,16,11/02/19,WD1
19FEW60316-111421-8,32,11/02/19,WD1
19FEW60319-111422-10,16,11/02/19,WD1
19FEW60319-111422-12,24,11/02/19,WD1
19FEW60319-111422-14,21,11/02/19,WD1
19FEW60319-111422-16,14,11/02/19,WD1
19FEW60319-111422-18,6,11/02/19,WD1
19FEW60319-111422-6,5,11/02/19,WD1
19FEW60319-111422-8,24,11/02/19,WD1
19FEW60320-211323-10,9,11/02/19,WD1
19FEW60320-211323-12,14,11/02/19,WD1
19FEW60320-211323-14,3,11/02/19,WD1
19FEW60320-211323-16,10,11/02/19,WD1
19FEW60320-211323-18,7,11/02/19,WD1
19FEW60320-211323-6,7,11/02/19,WD1
19FEW60320-211323-8,15,11/02/19,WD1
19FEW60341-111474-WG,10,11/02/19,WD1
19FEW60341-111474-WL,22,11/02/19,WD1
19FEW60341-111474-WM,12,11/02/19,WD1
19FEW60341-111474-WS,24,11/02/19,WD1
19FEW60351-111477-10,4,11/02/19,WD1
19FEW60351-111477-12,3,11/02/19,WD1
19FEW60351-111477-14,5,11/02/19,WD1
19FEW60351-111477-16,4,11/02/19,WD1
19FEW60351-111477-6,4,11/02/19,WD1
19FEW60351-111477-8,7,11/02/19,WD1
19FEW60354-111287-10,4,11/02/19,WD1
19FEW60354-111287-12,7,11/02/19,WD1
19FEW60354-111287-14,5,11/02/19,WD1
19FEW60354-111287-16,4,11/02/19,WD1
19FEW60354-111287-6,4,11/02/19,WD1
19FEW60354-111287-8,7,11/02/19,WD1
19FEW60355-111475-10,4,11/02/19,WD1
19FEW60355-111475-12,7,11/02/19,WD1
19FEW60355-111475-14,5,11/02/19,WD1
19FEW60355-111475-16,4,11/02/19,WD1
19FEW60355-111475-6,4,11/02/19,WD1
19FEW60355-111475-8,7,11/02/19,WD1
19FEW60371-211188-10,14,11/02/19,WD1
19FEW60371-211188-12,20,11/02/19,WD1
19FEW60371-211188-14,12,11/02/19,WD1
19FEW60371-211188-16,13,11/02/19,WD1
19FEW60371-211188-18,7,11/02/19,WD1
19FEW60371-211188-6,8,11/02/19,WD1
19FEW60371-211188-8,15,11/02/19,WD1
19FEW60372-211191-10,9,11/02/19,WD1
19FEW60372-211191-12,14,11/02/19,WD1
19FEW60372-211191-14,6,11/02/19,WD1
19FEW60372-211191-16,10,11/02/19,WD1
19FEW60372-211191-18,7,11/02/19,WD1
19FEW60372-211191-6,7,11/02/19,WD1
19FEW60372-211191-8,15,11/02/19,WD1
19FEW60373-211197-WG,13,11/02/19,WD1
19FEW60373-211197-WL,18,11/02/19,WD1
19FEW60373-211197-WM,25,11/02/19,WD1
19FEW60373-211197-WS,22,11/02/19,WD1
19FEW60374-211431-10,14,11/02/19,WD1
19FEW60374-211431-12,30,11/02/19,WD1
19FEW60374-211431-14,15,11/02/19,WD1
19FEW60374-211431-16,10,11/02/19,WD1
19FEW60374-211431-18,7,11/02/19,WD1
19FEW60374-211431-6,11,11/02/19,WD1
19FEW60374-211431-8,28,11/02/19,WD1
19FEW60376-211432-10,11,11/02/19,WD1
19FEW60376-211432-12,18,11/02/19,WD1
19FEW60376-211432-14,12,11/02/19,WD1
19FEW60376-211432-16,12,11/02/19,WD1
19FEW60376-211432-18,7,11/02/19,WD1
19FEW60376-211432-6,7,11/02/19,WD1
19FEW60376-211432-8,19,11/02/19,WD1
19FEW60377-211200-WG,4,11/02/19,WD1
19FEW60377-211200-WL,52,11/02/19,WD1
19FEW60377-211200-WM,18,11/02/19,WD1
19FEW60377-211200-WS,36,11/02/19,WD1
19FEW60392-211462-10,6,11/02/19,WD1
19FEW60392-211462-12,30,11/02/19,WD1
19FEW60392-211462-14,22,11/02/19,WD1
19FEW60392-211462-16,13,11/02/19,WD1
19FEW60392-211462-6,9,11/02/19,WD1
19FEW60392-211462-8,23,11/02/19,WD1
19FEW60396-210845-10,7,11/02/19,WD1
19FEW60396-210845-12,15,11/02/19,WD1
19FEW60396-210845-14,11,11/02/19,WD1
19FEW60396-210845-16,11,11/02/19,WD1
19FEW60396-210845-6,5,11/02/19,WD1
19FEW60396-210845-8,15,11/02/19,WD1
19FEW60418-211121-10,20,11/02/19,WD1
19FEW60418-211121-12,3,11/02/19,WD1
19FEW60418-211121-14,13,11/02/19,WD1
19FEW60418-211121-16,5,11/02/19,WD1
19FEW60418-211121-6,12,11/02/19,WD1
19FEW60418-211121-8,25,11/02/19,WD1
19FEW60422-111496-10,10,11/02/19,WD1
19FEW60422-111496-12,20,11/02/19,WD1
19FEW60422-111496-14,4,11/02/19,WD1
19FEW60422-111496-16,14,11/02/19,WD1
19FEW60422-111496-6,7,11/02/19,WD1
19FEW60422-111496-8,1,11/02/19,WD1
19FEW60423-111223-10,11,11/02/19,WD1
19FEW60423-111223-12,30,11/02/19,WD1
19FEW60423-111223-14,20,11/02/19,WD1
19FEW60423-111223-16,19,11/02/19,WD1
19FEW60423-111223-6,10,11/02/19,WD1
19FEW60423-111223-8,30,11/02/19,WD1
19FEW60428-111336-10,30,11/02/19,WD1
19FEW60428-111336-12,31,11/02/19,WD1
19FEW60428-111336-14,55,11/02/19,WD1
19FEW60428-111336-16,19,11/02/19,WD1
19FEW60428-111336-18,7,11/02/19,WD1
19FEW60428-111336-6,22,11/02/19,WD1
19FEW60428-111336-8,5,11/02/19,WD1
19FEW60432-211146-WL,7,11/02/19,WD1
19FEW60432-211146-WM,11,11/02/19,WD1
19FEW60432-211146-WS,11,11/02/19,WD1
19FEW60433-111497-WL,16,11/02/19,WD1
19FEW60433-111497-WM,4,11/02/19,WD1
19FEW60433-111497-WS,21,11/02/19,WD1
19FEW60437-111485-10,15,11/02/19,WD1
19FEW60437-111485-12,21,11/02/19,WD1
19FEW60437-111485-14,15,11/02/19,WD1
19FEW60437-111485-16,15,11/02/19,WD1
19FEW60437-111485-6,6,11/02/19,WD1
19FEW60437-111485-8,2,11/02/19,WD1
19FEW60439-211508-10,17,11/02/19,WD1
19FEW60439-211508-12,28,11/02/19,WD1
19FEW60439-211508-14,20,11/02/19,WD1
19FEW60439-211508-16,14,11/02/19,WD1
19FEW60439-211508-6,2,11/02/19,WD1
19FEW60439-211508-8,30,11/02/19,WD1
19FEW60440-211509-10,21,11/02/19,WD1
19FEW60440-211509-12,4,11/02/19,WD1
19FEW60440-211509-14,24,11/02/19,WD1
19FEW60440-211509-16,23,11/02/19,WD1
19FEW60440-211509-6,12,11/02/19,WD1
19FEW60440-211509-8,12,11/02/19,WD1
19FEW60444-211146-WL,10,11/02/19,WD1
19FEW60444-211146-WM,11,11/02/19,WD1
19FEW60444-211146-WS,11,11/02/19,WD1
19FEW60466-211151-10,35,11/02/19,WD1
19FEW60466-211151-12,54,11/02/19,WD1
19FEW60466-211151-14,1,11/02/19,WD1
19FEW60466-211151-16,36,11/02/19,WD1
19FEW60466-211151-18,7,11/02/19,WD1
19FEW60466-211151-6,11,11/02/19,WD1
19FEW60466-211151-8,6,11/02/19,WD1
19FEW60467-11624-10,27,11/02/19,WD1
19FEW60467-11624-12,22,11/02/19,WD1
19FEW60467-11624-14,29,11/02/19,WD1
19FEW60467-11624-16,10,11/02/19,WD1
19FEW60467-11624-18,7,11/02/19,WD1
19FEW60467-11624-6,4,11/02/19,WD1
19FEW60467-11624-8,21,11/02/19,WD1
19FEW60469-211491-10,14,11/02/19,WD1
19FEW60469-211491-12,12,11/02/19,WD1
19FEW60469-211491-14,14,11/02/19,WD1
19FEW60469-211491-16,13,11/02/19,WD1
19FEW60469-211491-18,7,11/02/19,WD1
19FEW60469-211491-6,8,11/02/19,WD1
19FEW60469-211491-8,22,11/02/19,WD1
19FEW60470-211497-WL,5,11/02/19,WD1
19FEW60470-211497-WM,15,11/02/19,WD1
19FEW60470-211497-WS,18,11/02/19,WD1
19FEW60480-211637-10,39,11/02/19,WD1
19FEW60480-211637-12,3,11/02/19,WD1
19FEW60480-211637-14,6,11/02/19,WD1
19FEW60480-211637-16,21,11/02/19,WD1
19FEW60480-211637-6,18,11/02/19,WD1
19FEW60480-211637-8,38,11/02/19,WD1
19FEW80132-111048-WFS,49,11/02/19,WD1
19FEW80132-111049-WFS,33,11/02/19,WD1
19FEW80133-111047-WFS,27,11/02/19,WD1
19FEW80134-211333-WFS,4,11/02/19,WD1
19FEW80135-211334-WFS,54,11/02/19,WD1
19FEW80137-211342-WFS,7,11/02/19,WD1
19FEW80137-211343-WFS,4,11/02/19,WD1
19FEW80137-211344-WFS,44,11/02/19,WD1
19FEW80139-211331-WFS,30,11/02/19,WD1
19FEW80140-211332-WFS,1,11/02/19,WD1
19FEW80141-111022-WFS,34,11/02/19,WD1
19FEW80145-111052-WFS,48,11/02/19,WD1
19FEW80145-111053-WFS,47,11/02/19,WD1
19FEW80145-111054-WFS,39,11/02/19,WD1
19FEW80147-211350-WFS,42,11/02/19,WD1
19FEW80149-211351-WFS,40,11/02/19,WD1
19FEW80150-211352-WFS,36,11/02/19,WD1
19FEW80151-111074-WFS,21,11/02/19,WD1
19FEW80152-211364-WFS,11,11/02/19,WD1
19FEW80153-211365-WFS,27,11/02/19,WD1
19FEW80154-211366-WFS,31,11/02/19,WD1
19FEW80155-111741-WFS,47,11/02/19,WD1
19FEW80156-211368-WFS,14,11/02/19,WD1
19FEW80157-211369-WFS,7,11/02/19,WD1
19FEW80183-211443-WFS,22,11/02/19,WD1
19FEW80183-211445-WFS,22,11/02/19,WD1
19FEW80184-211444-WFS,22,11/02/19,WD1
19FEW80186-111879-WFS,10,11/02/19,WD1
19FEW80198-111491-WFS,6,11/02/19,WD1
19FEW80199-211599-WFS,19,11/02/19,WD1
19FEW80200-211600-WFS,10,11/02/19,WD1
19FEW80201-211597-WFS,45,11/02/19,WD1
19FEW80202-211595-WFS,16,11/02/19,WD1
19FEW80204-211619-WFS,37,11/02/19,WD1
19FEW80206-211620-WFS,39,11/02/19,WD1
19FEW80207-211621-WFS,35,11/02/19,WD1
19FEW80208-111881-WFS,36,11/02/19,WD1
19FEW80209-211618-WFS,55,11/02/19,WD1
19FEW80229-111880-WFS,20,11/02/19,WD1
19FEW80230-211613-WFS,22,11/02/19,WD1
19FEW80231-211617-WFS,19,11/02/19,WD1
19FEW80232-211616-WFS,57,11/02/19,WD1
19FEW80233-211615-WFS,59,11/02/19,WD1
19FEW80234-211607-WFS,38,11/02/19,WD1
19FEW80234-211614-WFS,60,11/02/19,WD1
19FEW80235-211608-WFS,1,11/02/19,WD1
19FEW80237-211609-WFS,17,11/02/19,WD1
19FEW80238-211612-WFS,41,11/02/19,WD1
19FEW80239-211610-WFS,57,11/02/19,WD1
19FEW80241-111876-WFS,44,11/02/19,WD1
19FEW80241-111877-WFS,5,11/02/19,WD1
19FEW80242-111878-WFS,21,11/02/19,WD1
19FEW80243-211312-WFS,53,11/02/19,WD1
19FEW80247-211626-WFS,40,11/02/19,WD1
19FEW80248-111883-WFS,16,11/02/19,WD1
19FEW81063-91966-WFS,54,11/02/19,WD1
19FEW81063-91967-WFS,39,11/02/19,WD1
19FEW81066-12378-WFS,44,11/02/19,WD1